{"images": [{"file_name": "dec23c826.jpg", "height": 1024, "width": 1024, "id": 3035}, {"file_name": "952e7d15c.jpg", "height": 1024, "width": 1024, "id": 3036}, {"file_name": "ab20ec355.jpg", "height": 1024, "width": 1024, "id": 3037}, {"file_name": "91d4e3750.jpg", "height": 1024, "width": 1024, "id": 3038}, {"file_name": "e01ad95cf.jpg", "height": 1024, "width": 1024, "id": 3039}, {"file_name": "46c6a747a.jpg", "height": 1024, "width": 1024, "id": 3040}, {"file_name": "5cbd092f9.jpg", "height": 1024, "width": 1024, "id": 3041}, {"file_name": "d7e657453.jpg", "height": 1024, "width": 1024, "id": 3042}, {"file_name": "6584c18c0.jpg", "height": 1024, "width": 1024, "id": 3043}, {"file_name": "5901a73fe.jpg", "height": 1024, "width": 1024, "id": 3044}, {"file_name": "65d0b13aa.jpg", "height": 1024, "width": 1024, "id": 3045}, {"file_name": "8de789df8.jpg", "height": 1024, "width": 1024, "id": 3046}, {"file_name": "d771bb084.jpg", "height": 1024, "width": 1024, "id": 3047}, {"file_name": "0e7832f0b.jpg", "height": 1024, "width": 1024, "id": 3048}, {"file_name": "cfc9040ca.jpg", "height": 1024, "width": 1024, "id": 3049}, {"file_name": "2d80f9c49.jpg", "height": 1024, "width": 1024, "id": 3050}, {"file_name": "ccb3892c1.jpg", "height": 1024, "width": 1024, "id": 3051}, {"file_name": "b45c5294d.jpg", "height": 1024, "width": 1024, "id": 3052}, {"file_name": "dd5d2fa9e.jpg", "height": 1024, "width": 1024, "id": 3053}, {"file_name": "526d737d1.jpg", "height": 1024, "width": 1024, "id": 3054}, {"file_name": "8425a537b.jpg", "height": 1024, "width": 1024, "id": 3055}, {"file_name": "69352f3fa.jpg", "height": 1024, "width": 1024, "id": 3056}, {"file_name": "83a94fc79.jpg", "height": 1024, "width": 1024, "id": 3057}, {"file_name": "9e21e7969.jpg", "height": 1024, "width": 1024, "id": 3058}, {"file_name": "c18c32da0.jpg", "height": 1024, "width": 1024, "id": 3059}, {"file_name": "155c440e8.jpg", "height": 1024, "width": 1024, "id": 3060}, {"file_name": "45fddc611.jpg", "height": 1024, "width": 1024, "id": 3061}, {"file_name": "39a0e5556.jpg", "height": 1024, "width": 1024, "id": 3062}, {"file_name": "8a5cb62db.jpg", "height": 1024, "width": 1024, "id": 3063}, {"file_name": "1a9792bfc.jpg", "height": 1024, "width": 1024, "id": 3064}, {"file_name": "ffbb9c623.jpg", "height": 1024, "width": 1024, "id": 3065}, {"file_name": "2e6c333a7.jpg", "height": 1024, "width": 1024, "id": 3066}, {"file_name": "7e1caf1f7.jpg", "height": 1024, "width": 1024, "id": 3067}, {"file_name": "cf1d2f504.jpg", "height": 1024, "width": 1024, "id": 3068}, {"file_name": "3116768f0.jpg", "height": 1024, "width": 1024, "id": 3069}, {"file_name": "de2a3cf37.jpg", "height": 1024, "width": 1024, "id": 3070}, {"file_name": "c74ca81bd.jpg", "height": 1024, "width": 1024, "id": 3071}, {"file_name": "f2a6804d2.jpg", "height": 1024, "width": 1024, "id": 3072}, {"file_name": "ec196d18a.jpg", "height": 1024, "width": 1024, "id": 3073}, {"file_name": "f9cafa47f.jpg", "height": 1024, "width": 1024, "id": 3074}, {"file_name": "a3ce975cd.jpg", "height": 1024, "width": 1024, "id": 3075}, {"file_name": "ed00a614d.jpg", "height": 1024, "width": 1024, "id": 3076}, {"file_name": "d83808467.jpg", "height": 1024, "width": 1024, "id": 3077}, {"file_name": "00b5c6764.jpg", "height": 1024, "width": 1024, "id": 3078}, {"file_name": "0cf7ef43d.jpg", "height": 1024, "width": 1024, "id": 3079}, {"file_name": "581eaf87b.jpg", "height": 1024, "width": 1024, "id": 3080}, {"file_name": "49e40c7a4.jpg", "height": 1024, "width": 1024, "id": 3081}, {"file_name": "e4ec17f9b.jpg", "height": 1024, "width": 1024, "id": 3082}, {"file_name": "f530a5d4b.jpg", "height": 1024, "width": 1024, "id": 3083}], "type": "instances", "annotations": [], "categories": [{"supercategory": "none", "id": 1, "name": "wheat"}]}