<annotation>
    <folder>JPEGImages</folder>
    <filename>060fd0cd8.jpg</filename>
    <path>/content/data/VOCdevkit/VOC2007/JPEGImages/060fd0cd8.jpg</path>
    <source>
        <database>Unknown</database>
    </source>
    <size>
        <width>1024</width>
        <height>1024</height>
        <depth>3</depth>
    </size>
    <segmented>0</segmented>
    <object>
        <name>wheat</name>
        <pose>Unspecified</pose>
        <truncated>0</truncated>
        <difficult>0</difficult>
        <bndbox>
            <xmin>23</xmin>
            <ymin>222</ymin>
            <xmax>92</xmax>
            <ymax>299</ymax>
        </bndbox>
    </object>    <object>
        <name>wheat</name>
        <pose>Unspecified</pose>
        <truncated>0</truncated>
        <difficult>0</difficult>
        <bndbox>
            <xmin>428</xmin>
            <ymin>335</ymin>
            <xmax>564</xmax>
            <ymax>391</ymax>
        </bndbox>
    </object>    <object>
        <name>wheat</name>
        <pose>Unspecified</pose>
        <truncated>0</truncated>
        <difficult>0</difficult>
        <bndbox>
            <xmin>309</xmin>
            <ymin>551</ymin>
            <xmax>385</xmax>
            <ymax>615</ymax>
        </bndbox>
    </object>    <object>
        <name>wheat</name>
        <pose>Unspecified</pose>
        <truncated>0</truncated>
        <difficult>0</difficult>
        <bndbox>
            <xmin>348</xmin>
            <ymin>483</ymin>
            <xmax>393</xmax>
            <ymax>569</ymax>
        </bndbox>
    </object>    <object>
        <name>wheat</name>
        <pose>Unspecified</pose>
        <truncated>0</truncated>
        <difficult>0</difficult>
        <bndbox>
            <xmin>686</xmin>
            <ymin>162</ymin>
            <xmax>782</xmax>
            <ymax>221</ymax>
        </bndbox>
    </object>    <object>
        <name>wheat</name>
        <pose>Unspecified</pose>
        <truncated>0</truncated>
        <difficult>0</difficult>
        <bndbox>
            <xmin>786</xmin>
            <ymin>940</ymin>
            <xmax>928</xmax>
            <ymax>1013</ymax>
        </bndbox>
    </object>    <object>
        <name>wheat</name>
        <pose>Unspecified</pose>
        <truncated>0</truncated>
        <difficult>0</difficult>
        <bndbox>
            <xmin>940</xmin>
            <ymin>110</ymin>
            <xmax>1013</xmax>
            <ymax>193</ymax>
        </bndbox>
    </object>    <object>
        <name>wheat</name>
        <pose>Unspecified</pose>
        <truncated>0</truncated>
        <difficult>0</difficult>
        <bndbox>
            <xmin>986</xmin>
            <ymin>976</ymin>
            <xmax>1024</xmax>
            <ymax>1023</ymax>
        </bndbox>
    </object>    <object>
        <name>wheat</name>
        <pose>Unspecified</pose>
        <truncated>0</truncated>
        <difficult>0</difficult>
        <bndbox>
            <xmin>791</xmin>
            <ymin>296</ymin>
            <xmax>907</xmax>
            <ymax>334</ymax>
        </bndbox>
    </object>    <object>
        <name>wheat</name>
        <pose>Unspecified</pose>
        <truncated>0</truncated>
        <difficult>0</difficult>
        <bndbox>
            <xmin>259</xmin>
            <ymin>820</ymin>
            <xmax>334</xmax>
            <ymax>871</ymax>
        </bndbox>
    </object>    <object>
        <name>wheat</name>
        <pose>Unspecified</pose>
        <truncated>0</truncated>
        <difficult>0</difficult>
        <bndbox>
            <xmin>318</xmin>
            <ymin>80</ymin>
            <xmax>370</xmax>
            <ymax>166</ymax>
        </bndbox>
    </object>    <object>
        <name>wheat</name>
        <pose>Unspecified</pose>
        <truncated>0</truncated>
        <difficult>0</difficult>
        <bndbox>
            <xmin>371</xmin>
            <ymin>439</ymin>
            <xmax>479</xmax>
            <ymax>535</ymax>
        </bndbox>
    </object>    <object>
        <name>wheat</name>
        <pose>Unspecified</pose>
        <truncated>0</truncated>
        <difficult>0</difficult>
        <bndbox>
            <xmin>249</xmin>
            <ymin>607</ymin>
            <xmax>319</xmax>
            <ymax>662</ymax>
        </bndbox>
    </object>    <object>
        <name>wheat</name>
        <pose>Unspecified</pose>
        <truncated>0</truncated>
        <difficult>0</difficult>
        <bndbox>
            <xmin>707</xmin>
            <ymin>267</ymin>
            <xmax>779</xmax>
            <ymax>330</ymax>
        </bndbox>
    </object>    <object>
        <name>wheat</name>
        <pose>Unspecified</pose>
        <truncated>0</truncated>
        <difficult>0</difficult>
        <bndbox>
            <xmin>82</xmin>
            <ymin>140</ymin>
            <xmax>204</xmax>
            <ymax>230</ymax>
        </bndbox>
    </object>    <object>
        <name>wheat</name>
        <pose>Unspecified</pose>
        <truncated>0</truncated>
        <difficult>0</difficult>
        <bndbox>
            <xmin>917</xmin>
            <ymin>416</ymin>
            <xmax>1006</xmax>
            <ymax>460</ymax>
        </bndbox>
    </object>    <object>
        <name>wheat</name>
        <pose>Unspecified</pose>
        <truncated>0</truncated>
        <difficult>0</difficult>
        <bndbox>
            <xmin>26</xmin>
            <ymin>415</ymin>
            <xmax>116</xmax>
            <ymax>480</ymax>
        </bndbox>
    </object>    <object>
        <name>wheat</name>
        <pose>Unspecified</pose>
        <truncated>0</truncated>
        <difficult>0</difficult>
        <bndbox>
            <xmin>282</xmin>
            <ymin>782</ymin>
            <xmax>438</xmax>
            <ymax>851</ymax>
        </bndbox>
    </object>    <object>
        <name>wheat</name>
        <pose>Unspecified</pose>
        <truncated>0</truncated>
        <difficult>0</difficult>
        <bndbox>
            <xmin>206</xmin>
            <ymin>271</ymin>
            <xmax>318</xmax>
            <ymax>354</ymax>
        </bndbox>
    </object>    <object>
        <name>wheat</name>
        <pose>Unspecified</pose>
        <truncated>0</truncated>
        <difficult>0</difficult>
        <bndbox>
            <xmin>826</xmin>
            <ymin>40</ymin>
            <xmax>884</xmax>
            <ymax>101</ymax>
        </bndbox>
    </object>    <object>
        <name>wheat</name>
        <pose>Unspecified</pose>
        <truncated>0</truncated>
        <difficult>0</difficult>
        <bndbox>
            <xmin>481</xmin>
            <ymin>210</ymin>
            <xmax>585</xmax>
            <ymax>268</ymax>
        </bndbox>
    </object>    <object>
        <name>wheat</name>
        <pose>Unspecified</pose>
        <truncated>0</truncated>
        <difficult>0</difficult>
        <bndbox>
            <xmin>176</xmin>
            <ymin>437</ymin>
            <xmax>264</xmax>
            <ymax>492</ymax>
        </bndbox>
    </object>    <object>
        <name>wheat</name>
        <pose>Unspecified</pose>
        <truncated>0</truncated>
        <difficult>0</difficult>
        <bndbox>
            <xmin>137</xmin>
            <ymin>494</ymin>
            <xmax>273</xmax>
            <ymax>587</ymax>
        </bndbox>
    </object>    <object>
        <name>wheat</name>
        <pose>Unspecified</pose>
        <truncated>0</truncated>
        <difficult>0</difficult>
        <bndbox>
            <xmin>831</xmin>
            <ymin>509</ymin>
            <xmax>955</xmax>
            <ymax>561</ymax>
        </bndbox>
    </object>    <object>
        <name>wheat</name>
        <pose>Unspecified</pose>
        <truncated>0</truncated>
        <difficult>0</difficult>
        <bndbox>
            <xmin>261</xmin>
            <ymin>471</ymin>
            <xmax>351</xmax>
            <ymax>523</ymax>
        </bndbox>
    </object>    <object>
        <name>wheat</name>
        <pose>Unspecified</pose>
        <truncated>0</truncated>
        <difficult>0</difficult>
        <bndbox>
            <xmin>103</xmin>
            <ymin>116</ymin>
            <xmax>253</xmax>
            <ymax>181</ymax>
        </bndbox>
    </object>    <object>
        <name>wheat</name>
        <pose>Unspecified</pose>
        <truncated>0</truncated>
        <difficult>0</difficult>
        <bndbox>
            <xmin>189</xmin>
            <ymin>177</ymin>
            <xmax>307</xmax>
            <ymax>292</ymax>
        </bndbox>
    </object>    <object>
        <name>wheat</name>
        <pose>Unspecified</pose>
        <truncated>0</truncated>
        <difficult>0</difficult>
        <bndbox>
            <xmin>634</xmin>
            <ymin>210</ymin>
            <xmax>720</xmax>
            <ymax>270</ymax>
        </bndbox>
    </object>    <object>
        <name>wheat</name>
        <pose>Unspecified</pose>
        <truncated>0</truncated>
        <difficult>0</difficult>
        <bndbox>
            <xmin>143</xmin>
            <ymin>976</ymin>
            <xmax>237</xmax>
            <ymax>1017</ymax>
        </bndbox>
    </object>    <object>
        <name>wheat</name>
        <pose>Unspecified</pose>
        <truncated>0</truncated>
        <difficult>0</difficult>
        <bndbox>
            <xmin>947</xmin>
            <ymin>95</ymin>
            <xmax>1021</xmax>
            <ymax>160</ymax>
        </bndbox>
    </object>    <object>
        <name>wheat</name>
        <pose>Unspecified</pose>
        <truncated>0</truncated>
        <difficult>0</difficult>
        <bndbox>
            <xmin>12</xmin>
            <ymin>90</ymin>
            <xmax>81</xmax>
            <ymax>161</ymax>
        </bndbox>
    </object>    <object>
        <name>wheat</name>
        <pose>Unspecified</pose>
        <truncated>0</truncated>
        <difficult>0</difficult>
        <bndbox>
            <xmin>977</xmin>
            <ymin>390</ymin>
            <xmax>1024</xmax>
            <ymax>419</ymax>
        </bndbox>
    </object>    <object>
        <name>wheat</name>
        <pose>Unspecified</pose>
        <truncated>0</truncated>
        <difficult>0</difficult>
        <bndbox>
            <xmin>246</xmin>
            <ymin>354</ymin>
            <xmax>368</xmax>
            <ymax>403</ymax>
        </bndbox>
    </object>    <object>
        <name>wheat</name>
        <pose>Unspecified</pose>
        <truncated>0</truncated>
        <difficult>0</difficult>
        <bndbox>
            <xmin>612</xmin>
            <ymin>475</ymin>
            <xmax>689</xmax>
            <ymax>536</ymax>
        </bndbox>
    </object>    <object>
        <name>wheat</name>
        <pose>Unspecified</pose>
        <truncated>0</truncated>
        <difficult>0</difficult>
        <bndbox>
            <xmin>465</xmin>
            <ymin>1</ymin>
            <xmax>513</xmax>
            <ymax>38</ymax>
        </bndbox>
    </object>    <object>
        <name>wheat</name>
        <pose>Unspecified</pose>
        <truncated>0</truncated>
        <difficult>0</difficult>
        <bndbox>
            <xmin>903</xmin>
            <ymin>794</ymin>
            <xmax>972</xmax>
            <ymax>842</ymax>
        </bndbox>
    </object>    <object>
        <name>wheat</name>
        <pose>Unspecified</pose>
        <truncated>0</truncated>
        <difficult>0</difficult>
        <bndbox>
            <xmin>928</xmin>
            <ymin>198</ymin>
            <xmax>1014</xmax>
            <ymax>243</ymax>
        </bndbox>
    </object>    <object>
        <name>wheat</name>
        <pose>Unspecified</pose>
        <truncated>0</truncated>
        <difficult>0</difficult>
        <bndbox>
            <xmin>428</xmin>
            <ymin>618</ymin>
            <xmax>578</xmax>
            <ymax>693</ymax>
        </bndbox>
    </object>    <object>
        <name>wheat</name>
        <pose>Unspecified</pose>
        <truncated>0</truncated>
        <difficult>0</difficult>
        <bndbox>
            <xmin>518</xmin>
            <ymin>718</ymin>
            <xmax>608</xmax>
            <ymax>773</ymax>
        </bndbox>
    </object>    <object>
        <name>wheat</name>
        <pose>Unspecified</pose>
        <truncated>0</truncated>
        <difficult>0</difficult>
        <bndbox>
            <xmin>525</xmin>
            <ymin>168</ymin>
            <xmax>712</xmax>
            <ymax>213</ymax>
        </bndbox>
    </object>    <object>
        <name>wheat</name>
        <pose>Unspecified</pose>
        <truncated>0</truncated>
        <difficult>0</difficult>
        <bndbox>
            <xmin>687</xmin>
            <ymin>697</ymin>
            <xmax>771</xmax>
            <ymax>760</ymax>
        </bndbox>
    </object>    <object>
        <name>wheat</name>
        <pose>Unspecified</pose>
        <truncated>0</truncated>
        <difficult>0</difficult>
        <bndbox>
            <xmin>0</xmin>
            <ymin>606</ymin>
            <xmax>91</xmax>
            <ymax>652</ymax>
        </bndbox>
    </object>    <object>
        <name>wheat</name>
        <pose>Unspecified</pose>
        <truncated>0</truncated>
        <difficult>0</difficult>
        <bndbox>
            <xmin>806</xmin>
            <ymin>261</ymin>
            <xmax>922</xmax>
            <ymax>305</ymax>
        </bndbox>
    </object>    <object>
        <name>wheat</name>
        <pose>Unspecified</pose>
        <truncated>0</truncated>
        <difficult>0</difficult>
        <bndbox>
            <xmin>636</xmin>
            <ymin>712</ymin>
            <xmax>694</xmax>
            <ymax>749</ymax>
        </bndbox>
    </object>    <object>
        <name>wheat</name>
        <pose>Unspecified</pose>
        <truncated>0</truncated>
        <difficult>0</difficult>
        <bndbox>
            <xmin>748</xmin>
            <ymin>460</ymin>
            <xmax>819</xmax>
            <ymax>498</ymax>
        </bndbox>
    </object>    <object>
        <name>wheat</name>
        <pose>Unspecified</pose>
        <truncated>0</truncated>
        <difficult>0</difficult>
        <bndbox>
            <xmin>502</xmin>
            <ymin>273</ymin>
            <xmax>574</xmax>
            <ymax>312</ymax>
        </bndbox>
    </object>    <object>
        <name>wheat</name>
        <pose>Unspecified</pose>
        <truncated>0</truncated>
        <difficult>0</difficult>
        <bndbox>
            <xmin>136</xmin>
            <ymin>300</ymin>
            <xmax>227</xmax>
            <ymax>324</ymax>
        </bndbox>
    </object>    <object>
        <name>wheat</name>
        <pose>Unspecified</pose>
        <truncated>0</truncated>
        <difficult>0</difficult>
        <bndbox>
            <xmin>915</xmin>
            <ymin>222</ymin>
            <xmax>996</xmax>
            <ymax>271</ymax>
        </bndbox>
    </object>    <object>
        <name>wheat</name>
        <pose>Unspecified</pose>
        <truncated>0</truncated>
        <difficult>0</difficult>
        <bndbox>
            <xmin>118</xmin>
            <ymin>238</ymin>
            <xmax>241</xmax>
            <ymax>270</ymax>
        </bndbox>
    </object>    <object>
        <name>wheat</name>
        <pose>Unspecified</pose>
        <truncated>0</truncated>
        <difficult>0</difficult>
        <bndbox>
            <xmin>689</xmin>
            <ymin>933</ymin>
            <xmax>754</xmax>
            <ymax>1024</ymax>
        </bndbox>
    </object>    <object>
        <name>wheat</name>
        <pose>Unspecified</pose>
        <truncated>0</truncated>
        <difficult>0</difficult>
        <bndbox>
            <xmin>600</xmin>
            <ymin>638</ymin>
            <xmax>651</xmax>
            <ymax>674</ymax>
        </bndbox>
    </object>    <object>
        <name>wheat</name>
        <pose>Unspecified</pose>
        <truncated>0</truncated>
        <difficult>0</difficult>
        <bndbox>
            <xmin>0</xmin>
            <ymin>352</ymin>
            <xmax>34</xmax>
            <ymax>431</ymax>
        </bndbox>
    </object>    <object>
        <name>wheat</name>
        <pose>Unspecified</pose>
        <truncated>0</truncated>
        <difficult>0</difficult>
        <bndbox>
            <xmin>84</xmin>
            <ymin>706</ymin>
            <xmax>162</xmax>
            <ymax>748</ymax>
        </bndbox>
    </object>    <object>
        <name>wheat</name>
        <pose>Unspecified</pose>
        <truncated>0</truncated>
        <difficult>0</difficult>
        <bndbox>
            <xmin>95</xmin>
            <ymin>1</ymin>
            <xmax>196</xmax>
            <ymax>72</ymax>
        </bndbox>
    </object>    <object>
        <name>wheat</name>
        <pose>Unspecified</pose>
        <truncated>0</truncated>
        <difficult>0</difficult>
        <bndbox>
            <xmin>933</xmin>
            <ymin>966</ymin>
            <xmax>989</xmax>
            <ymax>1024</ymax>
        </bndbox>
    </object>    <object>
        <name>wheat</name>
        <pose>Unspecified</pose>
        <truncated>0</truncated>
        <difficult>0</difficult>
        <bndbox>
            <xmin>934</xmin>
            <ymin>935</ymin>
            <xmax>992</xmax>
            <ymax>990</ymax>
        </bndbox>
    </object>    <object>
        <name>wheat</name>
        <pose>Unspecified</pose>
        <truncated>0</truncated>
        <difficult>0</difficult>
        <bndbox>
            <xmin>744</xmin>
            <ymin>66</ymin>
            <xmax>786</xmax>
            <ymax>109</ymax>
        </bndbox>
    </object>    <object>
        <name>wheat</name>
        <pose>Unspecified</pose>
        <truncated>0</truncated>
        <difficult>0</difficult>
        <bndbox>
            <xmin>15</xmin>
            <ymin>0</ymin>
            <xmax>84</xmax>
            <ymax>25</ymax>
        </bndbox>
    </object>    <object>
        <name>wheat</name>
        <pose>Unspecified</pose>
        <truncated>0</truncated>
        <difficult>0</difficult>
        <bndbox>
            <xmin>741</xmin>
            <ymin>231</ymin>
            <xmax>801</xmax>
            <ymax>259</ymax>
        </bndbox>
    </object>    <object>
        <name>wheat</name>
        <pose>Unspecified</pose>
        <truncated>0</truncated>
        <difficult>0</difficult>
        <bndbox>
            <xmin>670</xmin>
            <ymin>128</ymin>
            <xmax>820</xmax>
            <ymax>167</ymax>
        </bndbox>
    </object>    <object>
        <name>wheat</name>
        <pose>Unspecified</pose>
        <truncated>0</truncated>
        <difficult>0</difficult>
        <bndbox>
            <xmin>882</xmin>
            <ymin>446</ymin>
            <xmax>933</xmax>
            <ymax>495</ymax>
        </bndbox>
    </object>    <object>
        <name>wheat</name>
        <pose>Unspecified</pose>
        <truncated>0</truncated>
        <difficult>0</difficult>
        <bndbox>
            <xmin>327</xmin>
            <ymin>900</ymin>
            <xmax>429</xmax>
            <ymax>946</ymax>
        </bndbox>
    </object>    <object>
        <name>wheat</name>
        <pose>Unspecified</pose>
        <truncated>0</truncated>
        <difficult>0</difficult>
        <bndbox>
            <xmin>181</xmin>
            <ymin>485</ymin>
            <xmax>318</xmax>
            <ymax>562</ymax>
        </bndbox>
    </object>    <object>
        <name>wheat</name>
        <pose>Unspecified</pose>
        <truncated>0</truncated>
        <difficult>0</difficult>
        <bndbox>
            <xmin>361</xmin>
            <ymin>874</ymin>
            <xmax>455</xmax>
            <ymax>916</ymax>
        </bndbox>
    </object>    <object>
        <name>wheat</name>
        <pose>Unspecified</pose>
        <truncated>0</truncated>
        <difficult>0</difficult>
        <bndbox>
            <xmin>903</xmin>
            <ymin>180</ymin>
            <xmax>991</xmax>
            <ymax>232</ymax>
        </bndbox>
    </object>    <object>
        <name>wheat</name>
        <pose>Unspecified</pose>
        <truncated>0</truncated>
        <difficult>0</difficult>
        <bndbox>
            <xmin>591</xmin>
            <ymin>128</ymin>
            <xmax>659</xmax>
            <ymax>165</ymax>
        </bndbox>
    </object>    <object>
        <name>wheat</name>
        <pose>Unspecified</pose>
        <truncated>0</truncated>
        <difficult>0</difficult>
        <bndbox>
            <xmin>62</xmin>
            <ymin>572</ymin>
            <xmax>118</xmax>
            <ymax>611</ymax>
        </bndbox>
    </object>    <object>
        <name>wheat</name>
        <pose>Unspecified</pose>
        <truncated>0</truncated>
        <difficult>0</difficult>
        <bndbox>
            <xmin>57</xmin>
            <ymin>538</ymin>
            <xmax>178</xmax>
            <ymax>581</ymax>
        </bndbox>
    </object>    <object>
        <name>wheat</name>
        <pose>Unspecified</pose>
        <truncated>0</truncated>
        <difficult>0</difficult>
        <bndbox>
            <xmin>192</xmin>
            <ymin>799</ymin>
            <xmax>311</xmax>
            <ymax>889</ymax>
        </bndbox>
    </object>    <object>
        <name>wheat</name>
        <pose>Unspecified</pose>
        <truncated>0</truncated>
        <difficult>0</difficult>
        <bndbox>
            <xmin>0</xmin>
            <ymin>674</ymin>
            <xmax>50</xmax>
            <ymax>729</ymax>
        </bndbox>
    </object>    <object>
        <name>wheat</name>
        <pose>Unspecified</pose>
        <truncated>0</truncated>
        <difficult>0</difficult>
        <bndbox>
            <xmin>767</xmin>
            <ymin>600</ymin>
            <xmax>826</xmax>
            <ymax>653</ymax>
        </bndbox>
    </object>
</annotation>
