<annotation>
    <folder>JPEGImages</folder>
    <filename>371f6d5b0.jpg</filename>
    <path>/content/data/VOCdevkit/VOC2007/JPEGImages/371f6d5b0.jpg</path>
    <source>
        <database>Unknown</database>
    </source>
    <size>
        <width>1024</width>
        <height>1024</height>
        <depth>3</depth>
    </size>
    <segmented>0</segmented>
    <object>
        <name>wheat</name>
        <pose>Unspecified</pose>
        <truncated>0</truncated>
        <difficult>0</difficult>
        <bndbox>
            <xmin>0</xmin>
            <ymin>247</ymin>
            <xmax>76</xmax>
            <ymax>329</ymax>
        </bndbox>
    </object>    <object>
        <name>wheat</name>
        <pose>Unspecified</pose>
        <truncated>0</truncated>
        <difficult>0</difficult>
        <bndbox>
            <xmin>210</xmin>
            <ymin>622</ymin>
            <xmax>290</xmax>
            <ymax>684</ymax>
        </bndbox>
    </object>    <object>
        <name>wheat</name>
        <pose>Unspecified</pose>
        <truncated>0</truncated>
        <difficult>0</difficult>
        <bndbox>
            <xmin>51</xmin>
            <ymin>238</ymin>
            <xmax>135</xmax>
            <ymax>326</ymax>
        </bndbox>
    </object>    <object>
        <name>wheat</name>
        <pose>Unspecified</pose>
        <truncated>0</truncated>
        <difficult>0</difficult>
        <bndbox>
            <xmin>607</xmin>
            <ymin>34</ymin>
            <xmax>673</xmax>
            <ymax>120</ymax>
        </bndbox>
    </object>    <object>
        <name>wheat</name>
        <pose>Unspecified</pose>
        <truncated>0</truncated>
        <difficult>0</difficult>
        <bndbox>
            <xmin>391</xmin>
            <ymin>0</ymin>
            <xmax>445</xmax>
            <ymax>101</ymax>
        </bndbox>
    </object>    <object>
        <name>wheat</name>
        <pose>Unspecified</pose>
        <truncated>0</truncated>
        <difficult>0</difficult>
        <bndbox>
            <xmin>722</xmin>
            <ymin>215</ymin>
            <xmax>791</xmax>
            <ymax>294</ymax>
        </bndbox>
    </object>    <object>
        <name>wheat</name>
        <pose>Unspecified</pose>
        <truncated>0</truncated>
        <difficult>0</difficult>
        <bndbox>
            <xmin>689</xmin>
            <ymin>143</ymin>
            <xmax>782</xmax>
            <ymax>234</ymax>
        </bndbox>
    </object>    <object>
        <name>wheat</name>
        <pose>Unspecified</pose>
        <truncated>0</truncated>
        <difficult>0</difficult>
        <bndbox>
            <xmin>423</xmin>
            <ymin>882</ymin>
            <xmax>503</xmax>
            <ymax>939</ymax>
        </bndbox>
    </object>    <object>
        <name>wheat</name>
        <pose>Unspecified</pose>
        <truncated>0</truncated>
        <difficult>0</difficult>
        <bndbox>
            <xmin>350</xmin>
            <ymin>1</ymin>
            <xmax>413</xmax>
            <ymax>88</ymax>
        </bndbox>
    </object>    <object>
        <name>wheat</name>
        <pose>Unspecified</pose>
        <truncated>0</truncated>
        <difficult>0</difficult>
        <bndbox>
            <xmin>903</xmin>
            <ymin>640</ymin>
            <xmax>1010</xmax>
            <ymax>730</ymax>
        </bndbox>
    </object>    <object>
        <name>wheat</name>
        <pose>Unspecified</pose>
        <truncated>0</truncated>
        <difficult>0</difficult>
        <bndbox>
            <xmin>414</xmin>
            <ymin>350</ymin>
            <xmax>471</xmax>
            <ymax>446</ymax>
        </bndbox>
    </object>    <object>
        <name>wheat</name>
        <pose>Unspecified</pose>
        <truncated>0</truncated>
        <difficult>0</difficult>
        <bndbox>
            <xmin>9</xmin>
            <ymin>625</ymin>
            <xmax>92</xmax>
            <ymax>718</ymax>
        </bndbox>
    </object>    <object>
        <name>wheat</name>
        <pose>Unspecified</pose>
        <truncated>0</truncated>
        <difficult>0</difficult>
        <bndbox>
            <xmin>735</xmin>
            <ymin>312</ymin>
            <xmax>824</xmax>
            <ymax>359</ymax>
        </bndbox>
    </object>    <object>
        <name>wheat</name>
        <pose>Unspecified</pose>
        <truncated>0</truncated>
        <difficult>0</difficult>
        <bndbox>
            <xmin>959</xmin>
            <ymin>379</ymin>
            <xmax>989</xmax>
            <ymax>447</ymax>
        </bndbox>
    </object>    <object>
        <name>wheat</name>
        <pose>Unspecified</pose>
        <truncated>0</truncated>
        <difficult>0</difficult>
        <bndbox>
            <xmin>13</xmin>
            <ymin>591</ymin>
            <xmax>90</xmax>
            <ymax>655</ymax>
        </bndbox>
    </object>    <object>
        <name>wheat</name>
        <pose>Unspecified</pose>
        <truncated>0</truncated>
        <difficult>0</difficult>
        <bndbox>
            <xmin>931</xmin>
            <ymin>45</ymin>
            <xmax>993</xmax>
            <ymax>92</ymax>
        </bndbox>
    </object>    <object>
        <name>wheat</name>
        <pose>Unspecified</pose>
        <truncated>0</truncated>
        <difficult>0</difficult>
        <bndbox>
            <xmin>734</xmin>
            <ymin>28</ymin>
            <xmax>831</xmax>
            <ymax>146</ymax>
        </bndbox>
    </object>    <object>
        <name>wheat</name>
        <pose>Unspecified</pose>
        <truncated>0</truncated>
        <difficult>0</difficult>
        <bndbox>
            <xmin>173</xmin>
            <ymin>935</ymin>
            <xmax>256</xmax>
            <ymax>1022</ymax>
        </bndbox>
    </object>    <object>
        <name>wheat</name>
        <pose>Unspecified</pose>
        <truncated>0</truncated>
        <difficult>0</difficult>
        <bndbox>
            <xmin>86</xmin>
            <ymin>466</ymin>
            <xmax>180</xmax>
            <ymax>521</ymax>
        </bndbox>
    </object>    <object>
        <name>wheat</name>
        <pose>Unspecified</pose>
        <truncated>0</truncated>
        <difficult>0</difficult>
        <bndbox>
            <xmin>395</xmin>
            <ymin>456</ymin>
            <xmax>457</xmax>
            <ymax>517</ymax>
        </bndbox>
    </object>    <object>
        <name>wheat</name>
        <pose>Unspecified</pose>
        <truncated>0</truncated>
        <difficult>0</difficult>
        <bndbox>
            <xmin>9</xmin>
            <ymin>940</ymin>
            <xmax>60</xmax>
            <ymax>1003</ymax>
        </bndbox>
    </object>    <object>
        <name>wheat</name>
        <pose>Unspecified</pose>
        <truncated>0</truncated>
        <difficult>0</difficult>
        <bndbox>
            <xmin>802</xmin>
            <ymin>379</ymin>
            <xmax>834</xmax>
            <ymax>468</ymax>
        </bndbox>
    </object>    <object>
        <name>wheat</name>
        <pose>Unspecified</pose>
        <truncated>0</truncated>
        <difficult>0</difficult>
        <bndbox>
            <xmin>12</xmin>
            <ymin>757</ymin>
            <xmax>124</xmax>
            <ymax>793</ymax>
        </bndbox>
    </object>    <object>
        <name>wheat</name>
        <pose>Unspecified</pose>
        <truncated>0</truncated>
        <difficult>0</difficult>
        <bndbox>
            <xmin>600</xmin>
            <ymin>365</ymin>
            <xmax>684</xmax>
            <ymax>405</ymax>
        </bndbox>
    </object>    <object>
        <name>wheat</name>
        <pose>Unspecified</pose>
        <truncated>0</truncated>
        <difficult>0</difficult>
        <bndbox>
            <xmin>343</xmin>
            <ymin>402</ymin>
            <xmax>409</xmax>
            <ymax>459</ymax>
        </bndbox>
    </object>    <object>
        <name>wheat</name>
        <pose>Unspecified</pose>
        <truncated>0</truncated>
        <difficult>0</difficult>
        <bndbox>
            <xmin>643</xmin>
            <ymin>290</ymin>
            <xmax>684</xmax>
            <ymax>386</ymax>
        </bndbox>
    </object>    <object>
        <name>wheat</name>
        <pose>Unspecified</pose>
        <truncated>0</truncated>
        <difficult>0</difficult>
        <bndbox>
            <xmin>465</xmin>
            <ymin>559</ymin>
            <xmax>533</xmax>
            <ymax>647</ymax>
        </bndbox>
    </object>    <object>
        <name>wheat</name>
        <pose>Unspecified</pose>
        <truncated>0</truncated>
        <difficult>0</difficult>
        <bndbox>
            <xmin>755</xmin>
            <ymin>506</ymin>
            <xmax>790</xmax>
            <ymax>636</ymax>
        </bndbox>
    </object>    <object>
        <name>wheat</name>
        <pose>Unspecified</pose>
        <truncated>0</truncated>
        <difficult>0</difficult>
        <bndbox>
            <xmin>324</xmin>
            <ymin>992</ymin>
            <xmax>405</xmax>
            <ymax>1021</ymax>
        </bndbox>
    </object>    <object>
        <name>wheat</name>
        <pose>Unspecified</pose>
        <truncated>0</truncated>
        <difficult>0</difficult>
        <bndbox>
            <xmin>279</xmin>
            <ymin>282</ymin>
            <xmax>333</xmax>
            <ymax>334</ymax>
        </bndbox>
    </object>    <object>
        <name>wheat</name>
        <pose>Unspecified</pose>
        <truncated>0</truncated>
        <difficult>0</difficult>
        <bndbox>
            <xmin>9</xmin>
            <ymin>714</ymin>
            <xmax>80</xmax>
            <ymax>748</ymax>
        </bndbox>
    </object>    <object>
        <name>wheat</name>
        <pose>Unspecified</pose>
        <truncated>0</truncated>
        <difficult>0</difficult>
        <bndbox>
            <xmin>546</xmin>
            <ymin>311</ymin>
            <xmax>585</xmax>
            <ymax>385</ymax>
        </bndbox>
    </object>    <object>
        <name>wheat</name>
        <pose>Unspecified</pose>
        <truncated>0</truncated>
        <difficult>0</difficult>
        <bndbox>
            <xmin>181</xmin>
            <ymin>871</ymin>
            <xmax>294</xmax>
            <ymax>917</ymax>
        </bndbox>
    </object>    <object>
        <name>wheat</name>
        <pose>Unspecified</pose>
        <truncated>0</truncated>
        <difficult>0</difficult>
        <bndbox>
            <xmin>0</xmin>
            <ymin>678</ymin>
            <xmax>12</xmax>
            <ymax>714</ymax>
        </bndbox>
    </object>    <object>
        <name>wheat</name>
        <pose>Unspecified</pose>
        <truncated>0</truncated>
        <difficult>0</difficult>
        <bndbox>
            <xmin>697</xmin>
            <ymin>999</ymin>
            <xmax>752</xmax>
            <ymax>1024</ymax>
        </bndbox>
    </object>    <object>
        <name>wheat</name>
        <pose>Unspecified</pose>
        <truncated>0</truncated>
        <difficult>0</difficult>
        <bndbox>
            <xmin>185</xmin>
            <ymin>443</ymin>
            <xmax>237</xmax>
            <ymax>492</ymax>
        </bndbox>
    </object>    <object>
        <name>wheat</name>
        <pose>Unspecified</pose>
        <truncated>0</truncated>
        <difficult>0</difficult>
        <bndbox>
            <xmin>264</xmin>
            <ymin>580</ymin>
            <xmax>375</xmax>
            <ymax>619</ymax>
        </bndbox>
    </object>    <object>
        <name>wheat</name>
        <pose>Unspecified</pose>
        <truncated>0</truncated>
        <difficult>0</difficult>
        <bndbox>
            <xmin>551</xmin>
            <ymin>506</ymin>
            <xmax>606</xmax>
            <ymax>537</ymax>
        </bndbox>
    </object>    <object>
        <name>wheat</name>
        <pose>Unspecified</pose>
        <truncated>0</truncated>
        <difficult>0</difficult>
        <bndbox>
            <xmin>789</xmin>
            <ymin>600</ymin>
            <xmax>846</xmax>
            <ymax>649</ymax>
        </bndbox>
    </object>    <object>
        <name>wheat</name>
        <pose>Unspecified</pose>
        <truncated>0</truncated>
        <difficult>0</difficult>
        <bndbox>
            <xmin>847</xmin>
            <ymin>307</ymin>
            <xmax>899</xmax>
            <ymax>363</ymax>
        </bndbox>
    </object>    <object>
        <name>wheat</name>
        <pose>Unspecified</pose>
        <truncated>0</truncated>
        <difficult>0</difficult>
        <bndbox>
            <xmin>536</xmin>
            <ymin>39</ymin>
            <xmax>567</xmax>
            <ymax>114</ymax>
        </bndbox>
    </object>    <object>
        <name>wheat</name>
        <pose>Unspecified</pose>
        <truncated>0</truncated>
        <difficult>0</difficult>
        <bndbox>
            <xmin>638</xmin>
            <ymin>960</ymin>
            <xmax>742</xmax>
            <ymax>1005</ymax>
        </bndbox>
    </object>    <object>
        <name>wheat</name>
        <pose>Unspecified</pose>
        <truncated>0</truncated>
        <difficult>0</difficult>
        <bndbox>
            <xmin>185</xmin>
            <ymin>744</ymin>
            <xmax>297</xmax>
            <ymax>825</ymax>
        </bndbox>
    </object>    <object>
        <name>wheat</name>
        <pose>Unspecified</pose>
        <truncated>0</truncated>
        <difficult>0</difficult>
        <bndbox>
            <xmin>362</xmin>
            <ymin>601</ymin>
            <xmax>581</xmax>
            <ymax>683</ymax>
        </bndbox>
    </object>    <object>
        <name>wheat</name>
        <pose>Unspecified</pose>
        <truncated>0</truncated>
        <difficult>0</difficult>
        <bndbox>
            <xmin>318</xmin>
            <ymin>32</ymin>
            <xmax>376</xmax>
            <ymax>68</ymax>
        </bndbox>
    </object>    <object>
        <name>wheat</name>
        <pose>Unspecified</pose>
        <truncated>0</truncated>
        <difficult>0</difficult>
        <bndbox>
            <xmin>666</xmin>
            <ymin>910</ymin>
            <xmax>726</xmax>
            <ymax>951</ymax>
        </bndbox>
    </object>    <object>
        <name>wheat</name>
        <pose>Unspecified</pose>
        <truncated>0</truncated>
        <difficult>0</difficult>
        <bndbox>
            <xmin>742</xmin>
            <ymin>404</ymin>
            <xmax>800</xmax>
            <ymax>462</ymax>
        </bndbox>
    </object>    <object>
        <name>wheat</name>
        <pose>Unspecified</pose>
        <truncated>0</truncated>
        <difficult>0</difficult>
        <bndbox>
            <xmin>117</xmin>
            <ymin>562</ymin>
            <xmax>172</xmax>
            <ymax>594</ymax>
        </bndbox>
    </object>    <object>
        <name>wheat</name>
        <pose>Unspecified</pose>
        <truncated>0</truncated>
        <difficult>0</difficult>
        <bndbox>
            <xmin>536</xmin>
            <ymin>643</ymin>
            <xmax>629</xmax>
            <ymax>663</ymax>
        </bndbox>
    </object>    <object>
        <name>wheat</name>
        <pose>Unspecified</pose>
        <truncated>0</truncated>
        <difficult>0</difficult>
        <bndbox>
            <xmin>854</xmin>
            <ymin>114</ymin>
            <xmax>899</xmax>
            <ymax>169</ymax>
        </bndbox>
    </object>    <object>
        <name>wheat</name>
        <pose>Unspecified</pose>
        <truncated>0</truncated>
        <difficult>0</difficult>
        <bndbox>
            <xmin>17</xmin>
            <ymin>794</ymin>
            <xmax>105</xmax>
            <ymax>821</ymax>
        </bndbox>
    </object>    <object>
        <name>wheat</name>
        <pose>Unspecified</pose>
        <truncated>0</truncated>
        <difficult>0</difficult>
        <bndbox>
            <xmin>592</xmin>
            <ymin>796</ymin>
            <xmax>677</xmax>
            <ymax>847</ymax>
        </bndbox>
    </object>    <object>
        <name>wheat</name>
        <pose>Unspecified</pose>
        <truncated>0</truncated>
        <difficult>0</difficult>
        <bndbox>
            <xmin>461</xmin>
            <ymin>961</ymin>
            <xmax>491</xmax>
            <ymax>1007</ymax>
        </bndbox>
    </object>    <object>
        <name>wheat</name>
        <pose>Unspecified</pose>
        <truncated>0</truncated>
        <difficult>0</difficult>
        <bndbox>
            <xmin>370</xmin>
            <ymin>932</ymin>
            <xmax>416</xmax>
            <ymax>996</ymax>
        </bndbox>
    </object>    <object>
        <name>wheat</name>
        <pose>Unspecified</pose>
        <truncated>0</truncated>
        <difficult>0</difficult>
        <bndbox>
            <xmin>467</xmin>
            <ymin>454</ymin>
            <xmax>502</xmax>
            <ymax>511</ymax>
        </bndbox>
    </object>    <object>
        <name>wheat</name>
        <pose>Unspecified</pose>
        <truncated>0</truncated>
        <difficult>0</difficult>
        <bndbox>
            <xmin>895</xmin>
            <ymin>466</ymin>
            <xmax>977</xmax>
            <ymax>529</ymax>
        </bndbox>
    </object>    <object>
        <name>wheat</name>
        <pose>Unspecified</pose>
        <truncated>0</truncated>
        <difficult>0</difficult>
        <bndbox>
            <xmin>488</xmin>
            <ymin>79</ymin>
            <xmax>561</xmax>
            <ymax>111</ymax>
        </bndbox>
    </object>    <object>
        <name>wheat</name>
        <pose>Unspecified</pose>
        <truncated>0</truncated>
        <difficult>0</difficult>
        <bndbox>
            <xmin>445</xmin>
            <ymin>829</ymin>
            <xmax>506</xmax>
            <ymax>864</ymax>
        </bndbox>
    </object>    <object>
        <name>wheat</name>
        <pose>Unspecified</pose>
        <truncated>0</truncated>
        <difficult>0</difficult>
        <bndbox>
            <xmin>0</xmin>
            <ymin>989</ymin>
            <xmax>15</xmax>
            <ymax>1004</ymax>
        </bndbox>
    </object>    <object>
        <name>wheat</name>
        <pose>Unspecified</pose>
        <truncated>0</truncated>
        <difficult>0</difficult>
        <bndbox>
            <xmin>139</xmin>
            <ymin>834</ymin>
            <xmax>238</xmax>
            <ymax>880</ymax>
        </bndbox>
    </object>    <object>
        <name>wheat</name>
        <pose>Unspecified</pose>
        <truncated>0</truncated>
        <difficult>0</difficult>
        <bndbox>
            <xmin>533</xmin>
            <ymin>464</ymin>
            <xmax>577</xmax>
            <ymax>505</ymax>
        </bndbox>
    </object>    <object>
        <name>wheat</name>
        <pose>Unspecified</pose>
        <truncated>0</truncated>
        <difficult>0</difficult>
        <bndbox>
            <xmin>746</xmin>
            <ymin>748</ymin>
            <xmax>790</xmax>
            <ymax>783</ymax>
        </bndbox>
    </object>    <object>
        <name>wheat</name>
        <pose>Unspecified</pose>
        <truncated>0</truncated>
        <difficult>0</difficult>
        <bndbox>
            <xmin>660</xmin>
            <ymin>807</ymin>
            <xmax>778</xmax>
            <ymax>873</ymax>
        </bndbox>
    </object>    <object>
        <name>wheat</name>
        <pose>Unspecified</pose>
        <truncated>0</truncated>
        <difficult>0</difficult>
        <bndbox>
            <xmin>393</xmin>
            <ymin>803</ymin>
            <xmax>507</xmax>
            <ymax>865</ymax>
        </bndbox>
    </object>    <object>
        <name>wheat</name>
        <pose>Unspecified</pose>
        <truncated>0</truncated>
        <difficult>0</difficult>
        <bndbox>
            <xmin>278</xmin>
            <ymin>946</ymin>
            <xmax>352</xmax>
            <ymax>981</ymax>
        </bndbox>
    </object>    <object>
        <name>wheat</name>
        <pose>Unspecified</pose>
        <truncated>0</truncated>
        <difficult>0</difficult>
        <bndbox>
            <xmin>610</xmin>
            <ymin>993</ymin>
            <xmax>676</xmax>
            <ymax>1024</ymax>
        </bndbox>
    </object>    <object>
        <name>wheat</name>
        <pose>Unspecified</pose>
        <truncated>0</truncated>
        <difficult>0</difficult>
        <bndbox>
            <xmin>981</xmin>
            <ymin>789</ymin>
            <xmax>1024</xmax>
            <ymax>839</ymax>
        </bndbox>
    </object>    <object>
        <name>wheat</name>
        <pose>Unspecified</pose>
        <truncated>0</truncated>
        <difficult>0</difficult>
        <bndbox>
            <xmin>268</xmin>
            <ymin>974</ymin>
            <xmax>416</xmax>
            <ymax>1015</ymax>
        </bndbox>
    </object>    <object>
        <name>wheat</name>
        <pose>Unspecified</pose>
        <truncated>0</truncated>
        <difficult>0</difficult>
        <bndbox>
            <xmin>263</xmin>
            <ymin>1005</ymin>
            <xmax>321</xmax>
            <ymax>1024</ymax>
        </bndbox>
    </object>
</annotation>
