<annotation>
    <folder>JPEGImages</folder>
    <filename>4bdcb2c78.jpg</filename>
    <path>/content/data/VOCdevkit/VOC2007/JPEGImages/4bdcb2c78.jpg</path>
    <source>
        <database>Unknown</database>
    </source>
    <size>
        <width>1024</width>
        <height>1024</height>
        <depth>3</depth>
    </size>
    <segmented>0</segmented>
    <object>
        <name>wheat</name>
        <pose>Unspecified</pose>
        <truncated>0</truncated>
        <difficult>0</difficult>
        <bndbox>
            <xmin>826</xmin>
            <ymin>621</ymin>
            <xmax>888</xmax>
            <ymax>726</ymax>
        </bndbox>
    </object>    <object>
        <name>wheat</name>
        <pose>Unspecified</pose>
        <truncated>0</truncated>
        <difficult>0</difficult>
        <bndbox>
            <xmin>0</xmin>
            <ymin>928</ymin>
            <xmax>76</xmax>
            <ymax>1023</ymax>
        </bndbox>
    </object>    <object>
        <name>wheat</name>
        <pose>Unspecified</pose>
        <truncated>0</truncated>
        <difficult>0</difficult>
        <bndbox>
            <xmin>542</xmin>
            <ymin>714</ymin>
            <xmax>598</xmax>
            <ymax>798</ymax>
        </bndbox>
    </object>    <object>
        <name>wheat</name>
        <pose>Unspecified</pose>
        <truncated>0</truncated>
        <difficult>0</difficult>
        <bndbox>
            <xmin>237</xmin>
            <ymin>281</ymin>
            <xmax>304</xmax>
            <ymax>408</ymax>
        </bndbox>
    </object>    <object>
        <name>wheat</name>
        <pose>Unspecified</pose>
        <truncated>0</truncated>
        <difficult>0</difficult>
        <bndbox>
            <xmin>187</xmin>
            <ymin>95</ymin>
            <xmax>248</xmax>
            <ymax>259</ymax>
        </bndbox>
    </object>    <object>
        <name>wheat</name>
        <pose>Unspecified</pose>
        <truncated>0</truncated>
        <difficult>0</difficult>
        <bndbox>
            <xmin>146</xmin>
            <ymin>801</ymin>
            <xmax>189</xmax>
            <ymax>890</ymax>
        </bndbox>
    </object>    <object>
        <name>wheat</name>
        <pose>Unspecified</pose>
        <truncated>0</truncated>
        <difficult>0</difficult>
        <bndbox>
            <xmin>882</xmin>
            <ymin>931</ymin>
            <xmax>955</xmax>
            <ymax>1006</ymax>
        </bndbox>
    </object>    <object>
        <name>wheat</name>
        <pose>Unspecified</pose>
        <truncated>0</truncated>
        <difficult>0</difficult>
        <bndbox>
            <xmin>641</xmin>
            <ymin>55</ymin>
            <xmax>700</xmax>
            <ymax>132</ymax>
        </bndbox>
    </object>    <object>
        <name>wheat</name>
        <pose>Unspecified</pose>
        <truncated>0</truncated>
        <difficult>0</difficult>
        <bndbox>
            <xmin>260</xmin>
            <ymin>589</ymin>
            <xmax>346</xmax>
            <ymax>675</ymax>
        </bndbox>
    </object>    <object>
        <name>wheat</name>
        <pose>Unspecified</pose>
        <truncated>0</truncated>
        <difficult>0</difficult>
        <bndbox>
            <xmin>0</xmin>
            <ymin>547</ymin>
            <xmax>68</xmax>
            <ymax>651</ymax>
        </bndbox>
    </object>    <object>
        <name>wheat</name>
        <pose>Unspecified</pose>
        <truncated>0</truncated>
        <difficult>0</difficult>
        <bndbox>
            <xmin>438</xmin>
            <ymin>446</ymin>
            <xmax>518</xmax>
            <ymax>554</ymax>
        </bndbox>
    </object>    <object>
        <name>wheat</name>
        <pose>Unspecified</pose>
        <truncated>0</truncated>
        <difficult>0</difficult>
        <bndbox>
            <xmin>178</xmin>
            <ymin>58</ymin>
            <xmax>259</xmax>
            <ymax>159</ymax>
        </bndbox>
    </object>    <object>
        <name>wheat</name>
        <pose>Unspecified</pose>
        <truncated>0</truncated>
        <difficult>0</difficult>
        <bndbox>
            <xmin>208</xmin>
            <ymin>435</ymin>
            <xmax>241</xmax>
            <ymax>525</ymax>
        </bndbox>
    </object>    <object>
        <name>wheat</name>
        <pose>Unspecified</pose>
        <truncated>0</truncated>
        <difficult>0</difficult>
        <bndbox>
            <xmin>72</xmin>
            <ymin>197</ymin>
            <xmax>128</xmax>
            <ymax>293</ymax>
        </bndbox>
    </object>    <object>
        <name>wheat</name>
        <pose>Unspecified</pose>
        <truncated>0</truncated>
        <difficult>0</difficult>
        <bndbox>
            <xmin>26</xmin>
            <ymin>248</ymin>
            <xmax>67</xmax>
            <ymax>352</ymax>
        </bndbox>
    </object>    <object>
        <name>wheat</name>
        <pose>Unspecified</pose>
        <truncated>0</truncated>
        <difficult>0</difficult>
        <bndbox>
            <xmin>116</xmin>
            <ymin>465</ymin>
            <xmax>176</xmax>
            <ymax>532</ymax>
        </bndbox>
    </object>    <object>
        <name>wheat</name>
        <pose>Unspecified</pose>
        <truncated>0</truncated>
        <difficult>0</difficult>
        <bndbox>
            <xmin>935</xmin>
            <ymin>144</ymin>
            <xmax>1002</xmax>
            <ymax>211</ymax>
        </bndbox>
    </object>    <object>
        <name>wheat</name>
        <pose>Unspecified</pose>
        <truncated>0</truncated>
        <difficult>0</difficult>
        <bndbox>
            <xmin>27</xmin>
            <ymin>9</ymin>
            <xmax>76</xmax>
            <ymax>116</ymax>
        </bndbox>
    </object>    <object>
        <name>wheat</name>
        <pose>Unspecified</pose>
        <truncated>0</truncated>
        <difficult>0</difficult>
        <bndbox>
            <xmin>742</xmin>
            <ymin>218</ymin>
            <xmax>808</xmax>
            <ymax>309</ymax>
        </bndbox>
    </object>    <object>
        <name>wheat</name>
        <pose>Unspecified</pose>
        <truncated>0</truncated>
        <difficult>0</difficult>
        <bndbox>
            <xmin>475</xmin>
            <ymin>192</ymin>
            <xmax>551</xmax>
            <ymax>301</ymax>
        </bndbox>
    </object>    <object>
        <name>wheat</name>
        <pose>Unspecified</pose>
        <truncated>0</truncated>
        <difficult>0</difficult>
        <bndbox>
            <xmin>712</xmin>
            <ymin>0</ymin>
            <xmax>742</xmax>
            <ymax>81</ymax>
        </bndbox>
    </object>    <object>
        <name>wheat</name>
        <pose>Unspecified</pose>
        <truncated>0</truncated>
        <difficult>0</difficult>
        <bndbox>
            <xmin>329</xmin>
            <ymin>404</ymin>
            <xmax>354</xmax>
            <ymax>496</ymax>
        </bndbox>
    </object>    <object>
        <name>wheat</name>
        <pose>Unspecified</pose>
        <truncated>0</truncated>
        <difficult>0</difficult>
        <bndbox>
            <xmin>831</xmin>
            <ymin>477</ymin>
            <xmax>864</xmax>
            <ymax>576</ymax>
        </bndbox>
    </object>    <object>
        <name>wheat</name>
        <pose>Unspecified</pose>
        <truncated>0</truncated>
        <difficult>0</difficult>
        <bndbox>
            <xmin>630</xmin>
            <ymin>182</ymin>
            <xmax>703</xmax>
            <ymax>315</ymax>
        </bndbox>
    </object>    <object>
        <name>wheat</name>
        <pose>Unspecified</pose>
        <truncated>0</truncated>
        <difficult>0</difficult>
        <bndbox>
            <xmin>868</xmin>
            <ymin>516</ymin>
            <xmax>913</xmax>
            <ymax>604</ymax>
        </bndbox>
    </object>    <object>
        <name>wheat</name>
        <pose>Unspecified</pose>
        <truncated>0</truncated>
        <difficult>0</difficult>
        <bndbox>
            <xmin>884</xmin>
            <ymin>681</ymin>
            <xmax>914</xmax>
            <ymax>780</ymax>
        </bndbox>
    </object>    <object>
        <name>wheat</name>
        <pose>Unspecified</pose>
        <truncated>0</truncated>
        <difficult>0</difficult>
        <bndbox>
            <xmin>281</xmin>
            <ymin>931</ymin>
            <xmax>338</xmax>
            <ymax>1024</ymax>
        </bndbox>
    </object>    <object>
        <name>wheat</name>
        <pose>Unspecified</pose>
        <truncated>0</truncated>
        <difficult>0</difficult>
        <bndbox>
            <xmin>49</xmin>
            <ymin>504</ymin>
            <xmax>103</xmax>
            <ymax>618</ymax>
        </bndbox>
    </object>    <object>
        <name>wheat</name>
        <pose>Unspecified</pose>
        <truncated>0</truncated>
        <difficult>0</difficult>
        <bndbox>
            <xmin>490</xmin>
            <ymin>966</ymin>
            <xmax>537</xmax>
            <ymax>1024</ymax>
        </bndbox>
    </object>    <object>
        <name>wheat</name>
        <pose>Unspecified</pose>
        <truncated>0</truncated>
        <difficult>0</difficult>
        <bndbox>
            <xmin>131</xmin>
            <ymin>959</ymin>
            <xmax>155</xmax>
            <ymax>1024</ymax>
        </bndbox>
    </object>    <object>
        <name>wheat</name>
        <pose>Unspecified</pose>
        <truncated>0</truncated>
        <difficult>0</difficult>
        <bndbox>
            <xmin>84</xmin>
            <ymin>779</ymin>
            <xmax>150</xmax>
            <ymax>857</ymax>
        </bndbox>
    </object>    <object>
        <name>wheat</name>
        <pose>Unspecified</pose>
        <truncated>0</truncated>
        <difficult>0</difficult>
        <bndbox>
            <xmin>968</xmin>
            <ymin>811</ymin>
            <xmax>1024</xmax>
            <ymax>880</ymax>
        </bndbox>
    </object>    <object>
        <name>wheat</name>
        <pose>Unspecified</pose>
        <truncated>0</truncated>
        <difficult>0</difficult>
        <bndbox>
            <xmin>569</xmin>
            <ymin>2</ymin>
            <xmax>607</xmax>
            <ymax>110</ymax>
        </bndbox>
    </object>    <object>
        <name>wheat</name>
        <pose>Unspecified</pose>
        <truncated>0</truncated>
        <difficult>0</difficult>
        <bndbox>
            <xmin>423</xmin>
            <ymin>435</ymin>
            <xmax>447</xmax>
            <ymax>524</ymax>
        </bndbox>
    </object>    <object>
        <name>wheat</name>
        <pose>Unspecified</pose>
        <truncated>0</truncated>
        <difficult>0</difficult>
        <bndbox>
            <xmin>460</xmin>
            <ymin>643</ymin>
            <xmax>496</xmax>
            <ymax>749</ymax>
        </bndbox>
    </object>    <object>
        <name>wheat</name>
        <pose>Unspecified</pose>
        <truncated>0</truncated>
        <difficult>0</difficult>
        <bndbox>
            <xmin>628</xmin>
            <ymin>525</ymin>
            <xmax>677</xmax>
            <ymax>604</ymax>
        </bndbox>
    </object>    <object>
        <name>wheat</name>
        <pose>Unspecified</pose>
        <truncated>0</truncated>
        <difficult>0</difficult>
        <bndbox>
            <xmin>364</xmin>
            <ymin>940</ymin>
            <xmax>406</xmax>
            <ymax>1002</ymax>
        </bndbox>
    </object>    <object>
        <name>wheat</name>
        <pose>Unspecified</pose>
        <truncated>0</truncated>
        <difficult>0</difficult>
        <bndbox>
            <xmin>848</xmin>
            <ymin>184</ymin>
            <xmax>888</xmax>
            <ymax>295</ymax>
        </bndbox>
    </object>    <object>
        <name>wheat</name>
        <pose>Unspecified</pose>
        <truncated>0</truncated>
        <difficult>0</difficult>
        <bndbox>
            <xmin>968</xmin>
            <ymin>76</ymin>
            <xmax>999</xmax>
            <ymax>189</ymax>
        </bndbox>
    </object>    <object>
        <name>wheat</name>
        <pose>Unspecified</pose>
        <truncated>0</truncated>
        <difficult>0</difficult>
        <bndbox>
            <xmin>454</xmin>
            <ymin>393</ymin>
            <xmax>496</xmax>
            <ymax>473</ymax>
        </bndbox>
    </object>    <object>
        <name>wheat</name>
        <pose>Unspecified</pose>
        <truncated>0</truncated>
        <difficult>0</difficult>
        <bndbox>
            <xmin>680</xmin>
            <ymin>496</ymin>
            <xmax>778</xmax>
            <ymax>566</ymax>
        </bndbox>
    </object>    <object>
        <name>wheat</name>
        <pose>Unspecified</pose>
        <truncated>0</truncated>
        <difficult>0</difficult>
        <bndbox>
            <xmin>817</xmin>
            <ymin>936</ymin>
            <xmax>858</xmax>
            <ymax>1021</ymax>
        </bndbox>
    </object>    <object>
        <name>wheat</name>
        <pose>Unspecified</pose>
        <truncated>0</truncated>
        <difficult>0</difficult>
        <bndbox>
            <xmin>615</xmin>
            <ymin>398</ymin>
            <xmax>761</xmax>
            <ymax>460</ymax>
        </bndbox>
    </object>    <object>
        <name>wheat</name>
        <pose>Unspecified</pose>
        <truncated>0</truncated>
        <difficult>0</difficult>
        <bndbox>
            <xmin>513</xmin>
            <ymin>663</ymin>
            <xmax>539</xmax>
            <ymax>738</ymax>
        </bndbox>
    </object>    <object>
        <name>wheat</name>
        <pose>Unspecified</pose>
        <truncated>0</truncated>
        <difficult>0</difficult>
        <bndbox>
            <xmin>262</xmin>
            <ymin>200</ymin>
            <xmax>385</xmax>
            <ymax>329</ymax>
        </bndbox>
    </object>    <object>
        <name>wheat</name>
        <pose>Unspecified</pose>
        <truncated>0</truncated>
        <difficult>0</difficult>
        <bndbox>
            <xmin>902</xmin>
            <ymin>503</ymin>
            <xmax>965</xmax>
            <ymax>539</ymax>
        </bndbox>
    </object>    <object>
        <name>wheat</name>
        <pose>Unspecified</pose>
        <truncated>0</truncated>
        <difficult>0</difficult>
        <bndbox>
            <xmin>704</xmin>
            <ymin>585</ymin>
            <xmax>733</xmax>
            <ymax>677</ymax>
        </bndbox>
    </object>    <object>
        <name>wheat</name>
        <pose>Unspecified</pose>
        <truncated>0</truncated>
        <difficult>0</difficult>
        <bndbox>
            <xmin>509</xmin>
            <ymin>880</ymin>
            <xmax>550</xmax>
            <ymax>961</ymax>
        </bndbox>
    </object>    <object>
        <name>wheat</name>
        <pose>Unspecified</pose>
        <truncated>0</truncated>
        <difficult>0</difficult>
        <bndbox>
            <xmin>348</xmin>
            <ymin>477</ymin>
            <xmax>375</xmax>
            <ymax>603</ymax>
        </bndbox>
    </object>    <object>
        <name>wheat</name>
        <pose>Unspecified</pose>
        <truncated>0</truncated>
        <difficult>0</difficult>
        <bndbox>
            <xmin>866</xmin>
            <ymin>0</ymin>
            <xmax>915</xmax>
            <ymax>81</ymax>
        </bndbox>
    </object>    <object>
        <name>wheat</name>
        <pose>Unspecified</pose>
        <truncated>0</truncated>
        <difficult>0</difficult>
        <bndbox>
            <xmin>117</xmin>
            <ymin>91</ymin>
            <xmax>168</xmax>
            <ymax>183</ymax>
        </bndbox>
    </object>    <object>
        <name>wheat</name>
        <pose>Unspecified</pose>
        <truncated>0</truncated>
        <difficult>0</difficult>
        <bndbox>
            <xmin>438</xmin>
            <ymin>72</ymin>
            <xmax>548</xmax>
            <ymax>263</ymax>
        </bndbox>
    </object>    <object>
        <name>wheat</name>
        <pose>Unspecified</pose>
        <truncated>0</truncated>
        <difficult>0</difficult>
        <bndbox>
            <xmin>208</xmin>
            <ymin>557</ymin>
            <xmax>277</xmax>
            <ymax>592</ymax>
        </bndbox>
    </object>    <object>
        <name>wheat</name>
        <pose>Unspecified</pose>
        <truncated>0</truncated>
        <difficult>0</difficult>
        <bndbox>
            <xmin>238</xmin>
            <ymin>959</ymin>
            <xmax>300</xmax>
            <ymax>1018</ymax>
        </bndbox>
    </object>    <object>
        <name>wheat</name>
        <pose>Unspecified</pose>
        <truncated>0</truncated>
        <difficult>0</difficult>
        <bndbox>
            <xmin>925</xmin>
            <ymin>749</ymin>
            <xmax>982</xmax>
            <ymax>924</ymax>
        </bndbox>
    </object>    <object>
        <name>wheat</name>
        <pose>Unspecified</pose>
        <truncated>0</truncated>
        <difficult>0</difficult>
        <bndbox>
            <xmin>882</xmin>
            <ymin>404</ymin>
            <xmax>962</xmax>
            <ymax>472</ymax>
        </bndbox>
    </object>    <object>
        <name>wheat</name>
        <pose>Unspecified</pose>
        <truncated>0</truncated>
        <difficult>0</difficult>
        <bndbox>
            <xmin>909</xmin>
            <ymin>877</ymin>
            <xmax>942</xmax>
            <ymax>950</ymax>
        </bndbox>
    </object>    <object>
        <name>wheat</name>
        <pose>Unspecified</pose>
        <truncated>0</truncated>
        <difficult>0</difficult>
        <bndbox>
            <xmin>115</xmin>
            <ymin>63</ymin>
            <xmax>165</xmax>
            <ymax>109</ymax>
        </bndbox>
    </object>    <object>
        <name>wheat</name>
        <pose>Unspecified</pose>
        <truncated>0</truncated>
        <difficult>0</difficult>
        <bndbox>
            <xmin>692</xmin>
            <ymin>344</ymin>
            <xmax>716</xmax>
            <ymax>420</ymax>
        </bndbox>
    </object>    <object>
        <name>wheat</name>
        <pose>Unspecified</pose>
        <truncated>0</truncated>
        <difficult>0</difficult>
        <bndbox>
            <xmin>588</xmin>
            <ymin>180</ymin>
            <xmax>647</xmax>
            <ymax>260</ymax>
        </bndbox>
    </object>    <object>
        <name>wheat</name>
        <pose>Unspecified</pose>
        <truncated>0</truncated>
        <difficult>0</difficult>
        <bndbox>
            <xmin>274</xmin>
            <ymin>301</ymin>
            <xmax>363</xmax>
            <ymax>399</ymax>
        </bndbox>
    </object>    <object>
        <name>wheat</name>
        <pose>Unspecified</pose>
        <truncated>0</truncated>
        <difficult>0</difficult>
        <bndbox>
            <xmin>346</xmin>
            <ymin>212</ymin>
            <xmax>379</xmax>
            <ymax>307</ymax>
        </bndbox>
    </object>    <object>
        <name>wheat</name>
        <pose>Unspecified</pose>
        <truncated>0</truncated>
        <difficult>0</difficult>
        <bndbox>
            <xmin>648</xmin>
            <ymin>790</ymin>
            <xmax>685</xmax>
            <ymax>841</ymax>
        </bndbox>
    </object>    <object>
        <name>wheat</name>
        <pose>Unspecified</pose>
        <truncated>0</truncated>
        <difficult>0</difficult>
        <bndbox>
            <xmin>600</xmin>
            <ymin>895</ymin>
            <xmax>645</xmax>
            <ymax>939</ymax>
        </bndbox>
    </object>    <object>
        <name>wheat</name>
        <pose>Unspecified</pose>
        <truncated>0</truncated>
        <difficult>0</difficult>
        <bndbox>
            <xmin>96</xmin>
            <ymin>529</ymin>
            <xmax>146</xmax>
            <ymax>573</ymax>
        </bndbox>
    </object>    <object>
        <name>wheat</name>
        <pose>Unspecified</pose>
        <truncated>0</truncated>
        <difficult>0</difficult>
        <bndbox>
            <xmin>749</xmin>
            <ymin>991</ymin>
            <xmax>815</xmax>
            <ymax>1024</ymax>
        </bndbox>
    </object>    <object>
        <name>wheat</name>
        <pose>Unspecified</pose>
        <truncated>0</truncated>
        <difficult>0</difficult>
        <bndbox>
            <xmin>393</xmin>
            <ymin>359</ymin>
            <xmax>558</xmax>
            <ymax>421</ymax>
        </bndbox>
    </object>    <object>
        <name>wheat</name>
        <pose>Unspecified</pose>
        <truncated>0</truncated>
        <difficult>0</difficult>
        <bndbox>
            <xmin>88</xmin>
            <ymin>368</ymin>
            <xmax>128</xmax>
            <ymax>419</ymax>
        </bndbox>
    </object>    <object>
        <name>wheat</name>
        <pose>Unspecified</pose>
        <truncated>0</truncated>
        <difficult>0</difficult>
        <bndbox>
            <xmin>959</xmin>
            <ymin>685</ymin>
            <xmax>989</xmax>
            <ymax>746</ymax>
        </bndbox>
    </object>    <object>
        <name>wheat</name>
        <pose>Unspecified</pose>
        <truncated>0</truncated>
        <difficult>0</difficult>
        <bndbox>
            <xmin>705</xmin>
            <ymin>989</ymin>
            <xmax>746</xmax>
            <ymax>1024</ymax>
        </bndbox>
    </object>    <object>
        <name>wheat</name>
        <pose>Unspecified</pose>
        <truncated>0</truncated>
        <difficult>0</difficult>
        <bndbox>
            <xmin>491</xmin>
            <ymin>601</ymin>
            <xmax>522</xmax>
            <ymax>645</ymax>
        </bndbox>
    </object>    <object>
        <name>wheat</name>
        <pose>Unspecified</pose>
        <truncated>0</truncated>
        <difficult>0</difficult>
        <bndbox>
            <xmin>951</xmin>
            <ymin>984</ymin>
            <xmax>1002</xmax>
            <ymax>1024</ymax>
        </bndbox>
    </object>    <object>
        <name>wheat</name>
        <pose>Unspecified</pose>
        <truncated>0</truncated>
        <difficult>0</difficult>
        <bndbox>
            <xmin>746</xmin>
            <ymin>954</ymin>
            <xmax>785</xmax>
            <ymax>1010</ymax>
        </bndbox>
    </object>    <object>
        <name>wheat</name>
        <pose>Unspecified</pose>
        <truncated>0</truncated>
        <difficult>0</difficult>
        <bndbox>
            <xmin>740</xmin>
            <ymin>866</ymin>
            <xmax>786</xmax>
            <ymax>959</ymax>
        </bndbox>
    </object>    <object>
        <name>wheat</name>
        <pose>Unspecified</pose>
        <truncated>0</truncated>
        <difficult>0</difficult>
        <bndbox>
            <xmin>342</xmin>
            <ymin>483</ymin>
            <xmax>364</xmax>
            <ymax>604</ymax>
        </bndbox>
    </object>    <object>
        <name>wheat</name>
        <pose>Unspecified</pose>
        <truncated>0</truncated>
        <difficult>0</difficult>
        <bndbox>
            <xmin>634</xmin>
            <ymin>1011</ymin>
            <xmax>689</xmax>
            <ymax>1024</ymax>
        </bndbox>
    </object>    <object>
        <name>wheat</name>
        <pose>Unspecified</pose>
        <truncated>0</truncated>
        <difficult>0</difficult>
        <bndbox>
            <xmin>0</xmin>
            <ymin>824</ymin>
            <xmax>28</xmax>
            <ymax>867</ymax>
        </bndbox>
    </object>
</annotation>
