<annotation>
    <folder>JPEGImages</folder>
    <filename>4e6c05213.jpg</filename>
    <path>/content/data/VOCdevkit/VOC2007/JPEGImages/4e6c05213.jpg</path>
    <source>
        <database>Unknown</database>
    </source>
    <size>
        <width>1024</width>
        <height>1024</height>
        <depth>3</depth>
    </size>
    <segmented>0</segmented>
    <object>
        <name>wheat</name>
        <pose>Unspecified</pose>
        <truncated>0</truncated>
        <difficult>0</difficult>
        <bndbox>
            <xmin>534</xmin>
            <ymin>62</ymin>
            <xmax>652</xmax>
            <ymax>115</ymax>
        </bndbox>
    </object>
</annotation>
