<annotation>
    <folder>JPEGImages</folder>
    <filename>6b51ff205.jpg</filename>
    <path>/content/data/VOCdevkit/VOC2007/JPEGImages/6b51ff205.jpg</path>
    <source>
        <database>Unknown</database>
    </source>
    <size>
        <width>1024</width>
        <height>1024</height>
        <depth>3</depth>
    </size>
    <segmented>0</segmented>
    <object>
        <name>wheat</name>
        <pose>Unspecified</pose>
        <truncated>0</truncated>
        <difficult>0</difficult>
        <bndbox>
            <xmin>842</xmin>
            <ymin>751</ymin>
            <xmax>983</xmax>
            <ymax>838</ymax>
        </bndbox>
    </object>    <object>
        <name>wheat</name>
        <pose>Unspecified</pose>
        <truncated>0</truncated>
        <difficult>0</difficult>
        <bndbox>
            <xmin>553</xmin>
            <ymin>400</ymin>
            <xmax>669</xmax>
            <ymax>513</ymax>
        </bndbox>
    </object>    <object>
        <name>wheat</name>
        <pose>Unspecified</pose>
        <truncated>0</truncated>
        <difficult>0</difficult>
        <bndbox>
            <xmin>760</xmin>
            <ymin>941</ymin>
            <xmax>875</xmax>
            <ymax>1024</ymax>
        </bndbox>
    </object>    <object>
        <name>wheat</name>
        <pose>Unspecified</pose>
        <truncated>0</truncated>
        <difficult>0</difficult>
        <bndbox>
            <xmin>547</xmin>
            <ymin>663</ymin>
            <xmax>709</xmax>
            <ymax>798</ymax>
        </bndbox>
    </object>    <object>
        <name>wheat</name>
        <pose>Unspecified</pose>
        <truncated>0</truncated>
        <difficult>0</difficult>
        <bndbox>
            <xmin>908</xmin>
            <ymin>856</ymin>
            <xmax>1024</xmax>
            <ymax>967</ymax>
        </bndbox>
    </object>    <object>
        <name>wheat</name>
        <pose>Unspecified</pose>
        <truncated>0</truncated>
        <difficult>0</difficult>
        <bndbox>
            <xmin>805</xmin>
            <ymin>23</ymin>
            <xmax>925</xmax>
            <ymax>84</ymax>
        </bndbox>
    </object>    <object>
        <name>wheat</name>
        <pose>Unspecified</pose>
        <truncated>0</truncated>
        <difficult>0</difficult>
        <bndbox>
            <xmin>954</xmin>
            <ymin>574</ymin>
            <xmax>1024</xmax>
            <ymax>640</ymax>
        </bndbox>
    </object>    <object>
        <name>wheat</name>
        <pose>Unspecified</pose>
        <truncated>0</truncated>
        <difficult>0</difficult>
        <bndbox>
            <xmin>852</xmin>
            <ymin>678</ymin>
            <xmax>1006</xmax>
            <ymax>734</ymax>
        </bndbox>
    </object>    <object>
        <name>wheat</name>
        <pose>Unspecified</pose>
        <truncated>0</truncated>
        <difficult>0</difficult>
        <bndbox>
            <xmin>336</xmin>
            <ymin>921</ymin>
            <xmax>412</xmax>
            <ymax>1016</ymax>
        </bndbox>
    </object>    <object>
        <name>wheat</name>
        <pose>Unspecified</pose>
        <truncated>0</truncated>
        <difficult>0</difficult>
        <bndbox>
            <xmin>565</xmin>
            <ymin>2</ymin>
            <xmax>660</xmax>
            <ymax>122</ymax>
        </bndbox>
    </object>    <object>
        <name>wheat</name>
        <pose>Unspecified</pose>
        <truncated>0</truncated>
        <difficult>0</difficult>
        <bndbox>
            <xmin>417</xmin>
            <ymin>509</ymin>
            <xmax>496</xmax>
            <ymax>599</ymax>
        </bndbox>
    </object>    <object>
        <name>wheat</name>
        <pose>Unspecified</pose>
        <truncated>0</truncated>
        <difficult>0</difficult>
        <bndbox>
            <xmin>860</xmin>
            <ymin>501</ymin>
            <xmax>1000</xmax>
            <ymax>606</ymax>
        </bndbox>
    </object>    <object>
        <name>wheat</name>
        <pose>Unspecified</pose>
        <truncated>0</truncated>
        <difficult>0</difficult>
        <bndbox>
            <xmin>437</xmin>
            <ymin>739</ymin>
            <xmax>519</xmax>
            <ymax>816</ymax>
        </bndbox>
    </object>    <object>
        <name>wheat</name>
        <pose>Unspecified</pose>
        <truncated>0</truncated>
        <difficult>0</difficult>
        <bndbox>
            <xmin>715</xmin>
            <ymin>251</ymin>
            <xmax>819</xmax>
            <ymax>332</ymax>
        </bndbox>
    </object>    <object>
        <name>wheat</name>
        <pose>Unspecified</pose>
        <truncated>0</truncated>
        <difficult>0</difficult>
        <bndbox>
            <xmin>445</xmin>
            <ymin>215</ymin>
            <xmax>591</xmax>
            <ymax>350</ymax>
        </bndbox>
    </object>    <object>
        <name>wheat</name>
        <pose>Unspecified</pose>
        <truncated>0</truncated>
        <difficult>0</difficult>
        <bndbox>
            <xmin>592</xmin>
            <ymin>276</ymin>
            <xmax>661</xmax>
            <ymax>361</ymax>
        </bndbox>
    </object>    <object>
        <name>wheat</name>
        <pose>Unspecified</pose>
        <truncated>0</truncated>
        <difficult>0</difficult>
        <bndbox>
            <xmin>494</xmin>
            <ymin>540</ymin>
            <xmax>576</xmax>
            <ymax>645</ymax>
        </bndbox>
    </object>    <object>
        <name>wheat</name>
        <pose>Unspecified</pose>
        <truncated>0</truncated>
        <difficult>0</difficult>
        <bndbox>
            <xmin>886</xmin>
            <ymin>84</ymin>
            <xmax>982</xmax>
            <ymax>153</ymax>
        </bndbox>
    </object>    <object>
        <name>wheat</name>
        <pose>Unspecified</pose>
        <truncated>0</truncated>
        <difficult>0</difficult>
        <bndbox>
            <xmin>402</xmin>
            <ymin>84</ymin>
            <xmax>488</xmax>
            <ymax>189</ymax>
        </bndbox>
    </object>    <object>
        <name>wheat</name>
        <pose>Unspecified</pose>
        <truncated>0</truncated>
        <difficult>0</difficult>
        <bndbox>
            <xmin>540</xmin>
            <ymin>880</ymin>
            <xmax>640</xmax>
            <ymax>924</ymax>
        </bndbox>
    </object>    <object>
        <name>wheat</name>
        <pose>Unspecified</pose>
        <truncated>0</truncated>
        <difficult>0</difficult>
        <bndbox>
            <xmin>541</xmin>
            <ymin>134</ymin>
            <xmax>610</xmax>
            <ymax>207</ymax>
        </bndbox>
    </object>    <object>
        <name>wheat</name>
        <pose>Unspecified</pose>
        <truncated>0</truncated>
        <difficult>0</difficult>
        <bndbox>
            <xmin>580</xmin>
            <ymin>647</ymin>
            <xmax>670</xmax>
            <ymax>713</ymax>
        </bndbox>
    </object>    <object>
        <name>wheat</name>
        <pose>Unspecified</pose>
        <truncated>0</truncated>
        <difficult>0</difficult>
        <bndbox>
            <xmin>807</xmin>
            <ymin>591</ymin>
            <xmax>861</xmax>
            <ymax>643</ymax>
        </bndbox>
    </object>    <object>
        <name>wheat</name>
        <pose>Unspecified</pose>
        <truncated>0</truncated>
        <difficult>0</difficult>
        <bndbox>
            <xmin>304</xmin>
            <ymin>796</ymin>
            <xmax>381</xmax>
            <ymax>872</ymax>
        </bndbox>
    </object>    <object>
        <name>wheat</name>
        <pose>Unspecified</pose>
        <truncated>0</truncated>
        <difficult>0</difficult>
        <bndbox>
            <xmin>791</xmin>
            <ymin>256</ymin>
            <xmax>898</xmax>
            <ymax>309</ymax>
        </bndbox>
    </object>    <object>
        <name>wheat</name>
        <pose>Unspecified</pose>
        <truncated>0</truncated>
        <difficult>0</difficult>
        <bndbox>
            <xmin>501</xmin>
            <ymin>839</ymin>
            <xmax>583</xmax>
            <ymax>893</ymax>
        </bndbox>
    </object>    <object>
        <name>wheat</name>
        <pose>Unspecified</pose>
        <truncated>0</truncated>
        <difficult>0</difficult>
        <bndbox>
            <xmin>563</xmin>
            <ymin>885</ymin>
            <xmax>660</xmax>
            <ymax>967</ymax>
        </bndbox>
    </object>    <object>
        <name>wheat</name>
        <pose>Unspecified</pose>
        <truncated>0</truncated>
        <difficult>0</difficult>
        <bndbox>
            <xmin>611</xmin>
            <ymin>808</ymin>
            <xmax>696</xmax>
            <ymax>865</ymax>
        </bndbox>
    </object>    <object>
        <name>wheat</name>
        <pose>Unspecified</pose>
        <truncated>0</truncated>
        <difficult>0</difficult>
        <bndbox>
            <xmin>340</xmin>
            <ymin>148</ymin>
            <xmax>404</xmax>
            <ymax>234</ymax>
        </bndbox>
    </object>
</annotation>
