<annotation>
    <folder>JPEGImages</folder>
    <filename>70bc24fa2.jpg</filename>
    <path>/content/data/VOCdevkit/VOC2007/JPEGImages/70bc24fa2.jpg</path>
    <source>
        <database>Unknown</database>
    </source>
    <size>
        <width>1024</width>
        <height>1024</height>
        <depth>3</depth>
    </size>
    <segmented>0</segmented>
    <object>
        <name>wheat</name>
        <pose>Unspecified</pose>
        <truncated>0</truncated>
        <difficult>0</difficult>
        <bndbox>
            <xmin>155</xmin>
            <ymin>936</ymin>
            <xmax>248</xmax>
            <ymax>1024</ymax>
        </bndbox>
    </object>    <object>
        <name>wheat</name>
        <pose>Unspecified</pose>
        <truncated>0</truncated>
        <difficult>0</difficult>
        <bndbox>
            <xmin>0</xmin>
            <ymin>676</ymin>
            <xmax>38</xmax>
            <ymax>791</ymax>
        </bndbox>
    </object>    <object>
        <name>wheat</name>
        <pose>Unspecified</pose>
        <truncated>0</truncated>
        <difficult>0</difficult>
        <bndbox>
            <xmin>25</xmin>
            <ymin>799</ymin>
            <xmax>120</xmax>
            <ymax>886</ymax>
        </bndbox>
    </object>    <object>
        <name>wheat</name>
        <pose>Unspecified</pose>
        <truncated>0</truncated>
        <difficult>0</difficult>
        <bndbox>
            <xmin>149</xmin>
            <ymin>756</ymin>
            <xmax>240</xmax>
            <ymax>838</ymax>
        </bndbox>
    </object>    <object>
        <name>wheat</name>
        <pose>Unspecified</pose>
        <truncated>0</truncated>
        <difficult>0</difficult>
        <bndbox>
            <xmin>70</xmin>
            <ymin>508</ymin>
            <xmax>164</xmax>
            <ymax>591</ymax>
        </bndbox>
    </object>    <object>
        <name>wheat</name>
        <pose>Unspecified</pose>
        <truncated>0</truncated>
        <difficult>0</difficult>
        <bndbox>
            <xmin>204</xmin>
            <ymin>409</ymin>
            <xmax>302</xmax>
            <ymax>504</ymax>
        </bndbox>
    </object>    <object>
        <name>wheat</name>
        <pose>Unspecified</pose>
        <truncated>0</truncated>
        <difficult>0</difficult>
        <bndbox>
            <xmin>238</xmin>
            <ymin>241</ymin>
            <xmax>366</xmax>
            <ymax>370</ymax>
        </bndbox>
    </object>    <object>
        <name>wheat</name>
        <pose>Unspecified</pose>
        <truncated>0</truncated>
        <difficult>0</difficult>
        <bndbox>
            <xmin>464</xmin>
            <ymin>300</ymin>
            <xmax>505</xmax>
            <ymax>414</ymax>
        </bndbox>
    </object>    <object>
        <name>wheat</name>
        <pose>Unspecified</pose>
        <truncated>0</truncated>
        <difficult>0</difficult>
        <bndbox>
            <xmin>573</xmin>
            <ymin>367</ymin>
            <xmax>660</xmax>
            <ymax>463</ymax>
        </bndbox>
    </object>    <object>
        <name>wheat</name>
        <pose>Unspecified</pose>
        <truncated>0</truncated>
        <difficult>0</difficult>
        <bndbox>
            <xmin>407</xmin>
            <ymin>486</ymin>
            <xmax>498</xmax>
            <ymax>598</ymax>
        </bndbox>
    </object>    <object>
        <name>wheat</name>
        <pose>Unspecified</pose>
        <truncated>0</truncated>
        <difficult>0</difficult>
        <bndbox>
            <xmin>314</xmin>
            <ymin>566</ymin>
            <xmax>427</xmax>
            <ymax>667</ymax>
        </bndbox>
    </object>    <object>
        <name>wheat</name>
        <pose>Unspecified</pose>
        <truncated>0</truncated>
        <difficult>0</difficult>
        <bndbox>
            <xmin>253</xmin>
            <ymin>575</ymin>
            <xmax>348</xmax>
            <ymax>651</ymax>
        </bndbox>
    </object>    <object>
        <name>wheat</name>
        <pose>Unspecified</pose>
        <truncated>0</truncated>
        <difficult>0</difficult>
        <bndbox>
            <xmin>273</xmin>
            <ymin>643</ymin>
            <xmax>355</xmax>
            <ymax>711</ymax>
        </bndbox>
    </object>    <object>
        <name>wheat</name>
        <pose>Unspecified</pose>
        <truncated>0</truncated>
        <difficult>0</difficult>
        <bndbox>
            <xmin>379</xmin>
            <ymin>681</ymin>
            <xmax>441</xmax>
            <ymax>749</ymax>
        </bndbox>
    </object>    <object>
        <name>wheat</name>
        <pose>Unspecified</pose>
        <truncated>0</truncated>
        <difficult>0</difficult>
        <bndbox>
            <xmin>428</xmin>
            <ymin>642</ymin>
            <xmax>530</xmax>
            <ymax>714</ymax>
        </bndbox>
    </object>    <object>
        <name>wheat</name>
        <pose>Unspecified</pose>
        <truncated>0</truncated>
        <difficult>0</difficult>
        <bndbox>
            <xmin>607</xmin>
            <ymin>638</ymin>
            <xmax>678</xmax>
            <ymax>724</ymax>
        </bndbox>
    </object>    <object>
        <name>wheat</name>
        <pose>Unspecified</pose>
        <truncated>0</truncated>
        <difficult>0</difficult>
        <bndbox>
            <xmin>242</xmin>
            <ymin>727</ymin>
            <xmax>307</xmax>
            <ymax>802</ymax>
        </bndbox>
    </object>    <object>
        <name>wheat</name>
        <pose>Unspecified</pose>
        <truncated>0</truncated>
        <difficult>0</difficult>
        <bndbox>
            <xmin>299</xmin>
            <ymin>769</ymin>
            <xmax>365</xmax>
            <ymax>833</ymax>
        </bndbox>
    </object>    <object>
        <name>wheat</name>
        <pose>Unspecified</pose>
        <truncated>0</truncated>
        <difficult>0</difficult>
        <bndbox>
            <xmin>275</xmin>
            <ymin>816</ymin>
            <xmax>426</xmax>
            <ymax>881</ymax>
        </bndbox>
    </object>    <object>
        <name>wheat</name>
        <pose>Unspecified</pose>
        <truncated>0</truncated>
        <difficult>0</difficult>
        <bndbox>
            <xmin>611</xmin>
            <ymin>856</ymin>
            <xmax>715</xmax>
            <ymax>977</ymax>
        </bndbox>
    </object>    <object>
        <name>wheat</name>
        <pose>Unspecified</pose>
        <truncated>0</truncated>
        <difficult>0</difficult>
        <bndbox>
            <xmin>980</xmin>
            <ymin>763</ymin>
            <xmax>1024</xmax>
            <ymax>827</ymax>
        </bndbox>
    </object>    <object>
        <name>wheat</name>
        <pose>Unspecified</pose>
        <truncated>0</truncated>
        <difficult>0</difficult>
        <bndbox>
            <xmin>913</xmin>
            <ymin>781</ymin>
            <xmax>985</xmax>
            <ymax>849</ymax>
        </bndbox>
    </object>    <object>
        <name>wheat</name>
        <pose>Unspecified</pose>
        <truncated>0</truncated>
        <difficult>0</difficult>
        <bndbox>
            <xmin>808</xmin>
            <ymin>703</ymin>
            <xmax>882</xmax>
            <ymax>773</ymax>
        </bndbox>
    </object>    <object>
        <name>wheat</name>
        <pose>Unspecified</pose>
        <truncated>0</truncated>
        <difficult>0</difficult>
        <bndbox>
            <xmin>876</xmin>
            <ymin>690</ymin>
            <xmax>934</xmax>
            <ymax>752</ymax>
        </bndbox>
    </object>    <object>
        <name>wheat</name>
        <pose>Unspecified</pose>
        <truncated>0</truncated>
        <difficult>0</difficult>
        <bndbox>
            <xmin>823</xmin>
            <ymin>642</ymin>
            <xmax>890</xmax>
            <ymax>703</ymax>
        </bndbox>
    </object>    <object>
        <name>wheat</name>
        <pose>Unspecified</pose>
        <truncated>0</truncated>
        <difficult>0</difficult>
        <bndbox>
            <xmin>951</xmin>
            <ymin>560</ymin>
            <xmax>1024</xmax>
            <ymax>679</ymax>
        </bndbox>
    </object>    <object>
        <name>wheat</name>
        <pose>Unspecified</pose>
        <truncated>0</truncated>
        <difficult>0</difficult>
        <bndbox>
            <xmin>673</xmin>
            <ymin>453</ymin>
            <xmax>739</xmax>
            <ymax>529</ymax>
        </bndbox>
    </object>    <object>
        <name>wheat</name>
        <pose>Unspecified</pose>
        <truncated>0</truncated>
        <difficult>0</difficult>
        <bndbox>
            <xmin>737</xmin>
            <ymin>431</ymin>
            <xmax>848</xmax>
            <ymax>546</ymax>
        </bndbox>
    </object>    <object>
        <name>wheat</name>
        <pose>Unspecified</pose>
        <truncated>0</truncated>
        <difficult>0</difficult>
        <bndbox>
            <xmin>925</xmin>
            <ymin>404</ymin>
            <xmax>1024</xmax>
            <ymax>534</ymax>
        </bndbox>
    </object>    <object>
        <name>wheat</name>
        <pose>Unspecified</pose>
        <truncated>0</truncated>
        <difficult>0</difficult>
        <bndbox>
            <xmin>515</xmin>
            <ymin>393</ymin>
            <xmax>597</xmax>
            <ymax>494</ymax>
        </bndbox>
    </object>    <object>
        <name>wheat</name>
        <pose>Unspecified</pose>
        <truncated>0</truncated>
        <difficult>0</difficult>
        <bndbox>
            <xmin>601</xmin>
            <ymin>614</ymin>
            <xmax>685</xmax>
            <ymax>669</ymax>
        </bndbox>
    </object>    <object>
        <name>wheat</name>
        <pose>Unspecified</pose>
        <truncated>0</truncated>
        <difficult>0</difficult>
        <bndbox>
            <xmin>747</xmin>
            <ymin>631</ymin>
            <xmax>819</xmax>
            <ymax>702</ymax>
        </bndbox>
    </object>    <object>
        <name>wheat</name>
        <pose>Unspecified</pose>
        <truncated>0</truncated>
        <difficult>0</difficult>
        <bndbox>
            <xmin>558</xmin>
            <ymin>642</ymin>
            <xmax>621</xmax>
            <ymax>712</ymax>
        </bndbox>
    </object>    <object>
        <name>wheat</name>
        <pose>Unspecified</pose>
        <truncated>0</truncated>
        <difficult>0</difficult>
        <bndbox>
            <xmin>997</xmin>
            <ymin>855</ymin>
            <xmax>1024</xmax>
            <ymax>911</ymax>
        </bndbox>
    </object>    <object>
        <name>wheat</name>
        <pose>Unspecified</pose>
        <truncated>0</truncated>
        <difficult>0</difficult>
        <bndbox>
            <xmin>0</xmin>
            <ymin>959</ymin>
            <xmax>29</xmax>
            <ymax>1022</ymax>
        </bndbox>
    </object>    <object>
        <name>wheat</name>
        <pose>Unspecified</pose>
        <truncated>0</truncated>
        <difficult>0</difficult>
        <bndbox>
            <xmin>344</xmin>
            <ymin>977</ymin>
            <xmax>405</xmax>
            <ymax>1024</ymax>
        </bndbox>
    </object>    <object>
        <name>wheat</name>
        <pose>Unspecified</pose>
        <truncated>0</truncated>
        <difficult>0</difficult>
        <bndbox>
            <xmin>378</xmin>
            <ymin>1006</ymin>
            <xmax>467</xmax>
            <ymax>1024</ymax>
        </bndbox>
    </object>    <object>
        <name>wheat</name>
        <pose>Unspecified</pose>
        <truncated>0</truncated>
        <difficult>0</difficult>
        <bndbox>
            <xmin>672</xmin>
            <ymin>1003</ymin>
            <xmax>711</xmax>
            <ymax>1024</ymax>
        </bndbox>
    </object>
</annotation>
