<annotation>
    <folder>JPEGImages</folder>
    <filename>8bd3806b7.jpg</filename>
    <path>/content/data/VOCdevkit/VOC2007/JPEGImages/8bd3806b7.jpg</path>
    <source>
        <database>Unknown</database>
    </source>
    <size>
        <width>1024</width>
        <height>1024</height>
        <depth>3</depth>
    </size>
    <segmented>0</segmented>
    <object>
        <name>wheat</name>
        <pose>Unspecified</pose>
        <truncated>0</truncated>
        <difficult>0</difficult>
        <bndbox>
            <xmin>926</xmin>
            <ymin>989</ymin>
            <xmax>1009</xmax>
            <ymax>1022</ymax>
        </bndbox>
    </object>    <object>
        <name>wheat</name>
        <pose>Unspecified</pose>
        <truncated>0</truncated>
        <difficult>0</difficult>
        <bndbox>
            <xmin>479</xmin>
            <ymin>126</ymin>
            <xmax>566</xmax>
            <ymax>164</ymax>
        </bndbox>
    </object>    <object>
        <name>wheat</name>
        <pose>Unspecified</pose>
        <truncated>0</truncated>
        <difficult>0</difficult>
        <bndbox>
            <xmin>0</xmin>
            <ymin>376</ymin>
            <xmax>39</xmax>
            <ymax>428</ymax>
        </bndbox>
    </object>    <object>
        <name>wheat</name>
        <pose>Unspecified</pose>
        <truncated>0</truncated>
        <difficult>0</difficult>
        <bndbox>
            <xmin>549</xmin>
            <ymin>223</ymin>
            <xmax>593</xmax>
            <ymax>276</ymax>
        </bndbox>
    </object>    <object>
        <name>wheat</name>
        <pose>Unspecified</pose>
        <truncated>0</truncated>
        <difficult>0</difficult>
        <bndbox>
            <xmin>656</xmin>
            <ymin>145</ymin>
            <xmax>709</xmax>
            <ymax>198</ymax>
        </bndbox>
    </object>    <object>
        <name>wheat</name>
        <pose>Unspecified</pose>
        <truncated>0</truncated>
        <difficult>0</difficult>
        <bndbox>
            <xmin>705</xmin>
            <ymin>937</ymin>
            <xmax>802</xmax>
            <ymax>988</ymax>
        </bndbox>
    </object>    <object>
        <name>wheat</name>
        <pose>Unspecified</pose>
        <truncated>0</truncated>
        <difficult>0</difficult>
        <bndbox>
            <xmin>758</xmin>
            <ymin>78</ymin>
            <xmax>812</xmax>
            <ymax>136</ymax>
        </bndbox>
    </object>    <object>
        <name>wheat</name>
        <pose>Unspecified</pose>
        <truncated>0</truncated>
        <difficult>0</difficult>
        <bndbox>
            <xmin>978</xmin>
            <ymin>668</ymin>
            <xmax>1023</xmax>
            <ymax>707</ymax>
        </bndbox>
    </object>    <object>
        <name>wheat</name>
        <pose>Unspecified</pose>
        <truncated>0</truncated>
        <difficult>0</difficult>
        <bndbox>
            <xmin>84</xmin>
            <ymin>473</ymin>
            <xmax>136</xmax>
            <ymax>527</ymax>
        </bndbox>
    </object>    <object>
        <name>wheat</name>
        <pose>Unspecified</pose>
        <truncated>0</truncated>
        <difficult>0</difficult>
        <bndbox>
            <xmin>460</xmin>
            <ymin>567</ymin>
            <xmax>557</xmax>
            <ymax>622</ymax>
        </bndbox>
    </object>    <object>
        <name>wheat</name>
        <pose>Unspecified</pose>
        <truncated>0</truncated>
        <difficult>0</difficult>
        <bndbox>
            <xmin>285</xmin>
            <ymin>33</ymin>
            <xmax>333</xmax>
            <ymax>134</ymax>
        </bndbox>
    </object>    <object>
        <name>wheat</name>
        <pose>Unspecified</pose>
        <truncated>0</truncated>
        <difficult>0</difficult>
        <bndbox>
            <xmin>812</xmin>
            <ymin>316</ymin>
            <xmax>912</xmax>
            <ymax>381</ymax>
        </bndbox>
    </object>    <object>
        <name>wheat</name>
        <pose>Unspecified</pose>
        <truncated>0</truncated>
        <difficult>0</difficult>
        <bndbox>
            <xmin>557</xmin>
            <ymin>39</ymin>
            <xmax>655</xmax>
            <ymax>103</ymax>
        </bndbox>
    </object>    <object>
        <name>wheat</name>
        <pose>Unspecified</pose>
        <truncated>0</truncated>
        <difficult>0</difficult>
        <bndbox>
            <xmin>588</xmin>
            <ymin>6</ymin>
            <xmax>691</xmax>
            <ymax>95</ymax>
        </bndbox>
    </object>    <object>
        <name>wheat</name>
        <pose>Unspecified</pose>
        <truncated>0</truncated>
        <difficult>0</difficult>
        <bndbox>
            <xmin>136</xmin>
            <ymin>560</ymin>
            <xmax>228</xmax>
            <ymax>613</ymax>
        </bndbox>
    </object>    <object>
        <name>wheat</name>
        <pose>Unspecified</pose>
        <truncated>0</truncated>
        <difficult>0</difficult>
        <bndbox>
            <xmin>126</xmin>
            <ymin>495</ymin>
            <xmax>172</xmax>
            <ymax>626</ymax>
        </bndbox>
    </object>    <object>
        <name>wheat</name>
        <pose>Unspecified</pose>
        <truncated>0</truncated>
        <difficult>0</difficult>
        <bndbox>
            <xmin>161</xmin>
            <ymin>860</ymin>
            <xmax>251</xmax>
            <ymax>929</ymax>
        </bndbox>
    </object>    <object>
        <name>wheat</name>
        <pose>Unspecified</pose>
        <truncated>0</truncated>
        <difficult>0</difficult>
        <bndbox>
            <xmin>314</xmin>
            <ymin>125</ymin>
            <xmax>432</xmax>
            <ymax>167</ymax>
        </bndbox>
    </object>    <object>
        <name>wheat</name>
        <pose>Unspecified</pose>
        <truncated>0</truncated>
        <difficult>0</difficult>
        <bndbox>
            <xmin>497</xmin>
            <ymin>539</ymin>
            <xmax>601</xmax>
            <ymax>638</ymax>
        </bndbox>
    </object>    <object>
        <name>wheat</name>
        <pose>Unspecified</pose>
        <truncated>0</truncated>
        <difficult>0</difficult>
        <bndbox>
            <xmin>783</xmin>
            <ymin>1</ymin>
            <xmax>838</xmax>
            <ymax>77</ymax>
        </bndbox>
    </object>    <object>
        <name>wheat</name>
        <pose>Unspecified</pose>
        <truncated>0</truncated>
        <difficult>0</difficult>
        <bndbox>
            <xmin>203</xmin>
            <ymin>440</ymin>
            <xmax>330</xmax>
            <ymax>493</ymax>
        </bndbox>
    </object>    <object>
        <name>wheat</name>
        <pose>Unspecified</pose>
        <truncated>0</truncated>
        <difficult>0</difficult>
        <bndbox>
            <xmin>546</xmin>
            <ymin>335</ymin>
            <xmax>664</xmax>
            <ymax>416</ymax>
        </bndbox>
    </object>    <object>
        <name>wheat</name>
        <pose>Unspecified</pose>
        <truncated>0</truncated>
        <difficult>0</difficult>
        <bndbox>
            <xmin>679</xmin>
            <ymin>640</ymin>
            <xmax>725</xmax>
            <ymax>684</ymax>
        </bndbox>
    </object>    <object>
        <name>wheat</name>
        <pose>Unspecified</pose>
        <truncated>0</truncated>
        <difficult>0</difficult>
        <bndbox>
            <xmin>689</xmin>
            <ymin>485</ymin>
            <xmax>768</xmax>
            <ymax>566</ymax>
        </bndbox>
    </object>    <object>
        <name>wheat</name>
        <pose>Unspecified</pose>
        <truncated>0</truncated>
        <difficult>0</difficult>
        <bndbox>
            <xmin>478</xmin>
            <ymin>154</ymin>
            <xmax>547</xmax>
            <ymax>189</ymax>
        </bndbox>
    </object>    <object>
        <name>wheat</name>
        <pose>Unspecified</pose>
        <truncated>0</truncated>
        <difficult>0</difficult>
        <bndbox>
            <xmin>552</xmin>
            <ymin>92</ymin>
            <xmax>638</xmax>
            <ymax>163</ymax>
        </bndbox>
    </object>    <object>
        <name>wheat</name>
        <pose>Unspecified</pose>
        <truncated>0</truncated>
        <difficult>0</difficult>
        <bndbox>
            <xmin>45</xmin>
            <ymin>898</ymin>
            <xmax>141</xmax>
            <ymax>981</ymax>
        </bndbox>
    </object>    <object>
        <name>wheat</name>
        <pose>Unspecified</pose>
        <truncated>0</truncated>
        <difficult>0</difficult>
        <bndbox>
            <xmin>499</xmin>
            <ymin>879</ymin>
            <xmax>592</xmax>
            <ymax>937</ymax>
        </bndbox>
    </object>    <object>
        <name>wheat</name>
        <pose>Unspecified</pose>
        <truncated>0</truncated>
        <difficult>0</difficult>
        <bndbox>
            <xmin>2</xmin>
            <ymin>966</ymin>
            <xmax>62</xmax>
            <ymax>1012</ymax>
        </bndbox>
    </object>    <object>
        <name>wheat</name>
        <pose>Unspecified</pose>
        <truncated>0</truncated>
        <difficult>0</difficult>
        <bndbox>
            <xmin>867</xmin>
            <ymin>970</ymin>
            <xmax>910</xmax>
            <ymax>1016</ymax>
        </bndbox>
    </object>    <object>
        <name>wheat</name>
        <pose>Unspecified</pose>
        <truncated>0</truncated>
        <difficult>0</difficult>
        <bndbox>
            <xmin>962</xmin>
            <ymin>93</ymin>
            <xmax>1024</xmax>
            <ymax>160</ymax>
        </bndbox>
    </object>    <object>
        <name>wheat</name>
        <pose>Unspecified</pose>
        <truncated>0</truncated>
        <difficult>0</difficult>
        <bndbox>
            <xmin>180</xmin>
            <ymin>60</ymin>
            <xmax>261</xmax>
            <ymax>125</ymax>
        </bndbox>
    </object>    <object>
        <name>wheat</name>
        <pose>Unspecified</pose>
        <truncated>0</truncated>
        <difficult>0</difficult>
        <bndbox>
            <xmin>405</xmin>
            <ymin>672</ymin>
            <xmax>490</xmax>
            <ymax>732</ymax>
        </bndbox>
    </object>    <object>
        <name>wheat</name>
        <pose>Unspecified</pose>
        <truncated>0</truncated>
        <difficult>0</difficult>
        <bndbox>
            <xmin>247</xmin>
            <ymin>603</ymin>
            <xmax>356</xmax>
            <ymax>651</ymax>
        </bndbox>
    </object>    <object>
        <name>wheat</name>
        <pose>Unspecified</pose>
        <truncated>0</truncated>
        <difficult>0</difficult>
        <bndbox>
            <xmin>609</xmin>
            <ymin>660</ymin>
            <xmax>693</xmax>
            <ymax>690</ymax>
        </bndbox>
    </object>    <object>
        <name>wheat</name>
        <pose>Unspecified</pose>
        <truncated>0</truncated>
        <difficult>0</difficult>
        <bndbox>
            <xmin>776</xmin>
            <ymin>908</ymin>
            <xmax>876</xmax>
            <ymax>1013</ymax>
        </bndbox>
    </object>    <object>
        <name>wheat</name>
        <pose>Unspecified</pose>
        <truncated>0</truncated>
        <difficult>0</difficult>
        <bndbox>
            <xmin>217</xmin>
            <ymin>659</ymin>
            <xmax>289</xmax>
            <ymax>742</ymax>
        </bndbox>
    </object>    <object>
        <name>wheat</name>
        <pose>Unspecified</pose>
        <truncated>0</truncated>
        <difficult>0</difficult>
        <bndbox>
            <xmin>851</xmin>
            <ymin>684</ymin>
            <xmax>913</xmax>
            <ymax>758</ymax>
        </bndbox>
    </object>    <object>
        <name>wheat</name>
        <pose>Unspecified</pose>
        <truncated>0</truncated>
        <difficult>0</difficult>
        <bndbox>
            <xmin>202</xmin>
            <ymin>46</ymin>
            <xmax>287</xmax>
            <ymax>115</ymax>
        </bndbox>
    </object>    <object>
        <name>wheat</name>
        <pose>Unspecified</pose>
        <truncated>0</truncated>
        <difficult>0</difficult>
        <bndbox>
            <xmin>160</xmin>
            <ymin>448</ymin>
            <xmax>244</xmax>
            <ymax>486</ymax>
        </bndbox>
    </object>    <object>
        <name>wheat</name>
        <pose>Unspecified</pose>
        <truncated>0</truncated>
        <difficult>0</difficult>
        <bndbox>
            <xmin>270</xmin>
            <ymin>472</ymin>
            <xmax>329</xmax>
            <ymax>564</ymax>
        </bndbox>
    </object>    <object>
        <name>wheat</name>
        <pose>Unspecified</pose>
        <truncated>0</truncated>
        <difficult>0</difficult>
        <bndbox>
            <xmin>1</xmin>
            <ymin>201</ymin>
            <xmax>119</xmax>
            <ymax>278</ymax>
        </bndbox>
    </object>    <object>
        <name>wheat</name>
        <pose>Unspecified</pose>
        <truncated>0</truncated>
        <difficult>0</difficult>
        <bndbox>
            <xmin>27</xmin>
            <ymin>637</ymin>
            <xmax>91</xmax>
            <ymax>709</ymax>
        </bndbox>
    </object>    <object>
        <name>wheat</name>
        <pose>Unspecified</pose>
        <truncated>0</truncated>
        <difficult>0</difficult>
        <bndbox>
            <xmin>110</xmin>
            <ymin>238</ymin>
            <xmax>200</xmax>
            <ymax>315</ymax>
        </bndbox>
    </object>    <object>
        <name>wheat</name>
        <pose>Unspecified</pose>
        <truncated>0</truncated>
        <difficult>0</difficult>
        <bndbox>
            <xmin>780</xmin>
            <ymin>647</ymin>
            <xmax>893</xmax>
            <ymax>710</ymax>
        </bndbox>
    </object>    <object>
        <name>wheat</name>
        <pose>Unspecified</pose>
        <truncated>0</truncated>
        <difficult>0</difficult>
        <bndbox>
            <xmin>411</xmin>
            <ymin>445</ymin>
            <xmax>477</xmax>
            <ymax>563</ymax>
        </bndbox>
    </object>    <object>
        <name>wheat</name>
        <pose>Unspecified</pose>
        <truncated>0</truncated>
        <difficult>0</difficult>
        <bndbox>
            <xmin>296</xmin>
            <ymin>584</ymin>
            <xmax>410</xmax>
            <ymax>648</ymax>
        </bndbox>
    </object>    <object>
        <name>wheat</name>
        <pose>Unspecified</pose>
        <truncated>0</truncated>
        <difficult>0</difficult>
        <bndbox>
            <xmin>1</xmin>
            <ymin>233</ymin>
            <xmax>27</xmax>
            <ymax>277</ymax>
        </bndbox>
    </object>    <object>
        <name>wheat</name>
        <pose>Unspecified</pose>
        <truncated>0</truncated>
        <difficult>0</difficult>
        <bndbox>
            <xmin>0</xmin>
            <ymin>566</ymin>
            <xmax>51</xmax>
            <ymax>613</ymax>
        </bndbox>
    </object>    <object>
        <name>wheat</name>
        <pose>Unspecified</pose>
        <truncated>0</truncated>
        <difficult>0</difficult>
        <bndbox>
            <xmin>769</xmin>
            <ymin>360</ymin>
            <xmax>870</xmax>
            <ymax>417</ymax>
        </bndbox>
    </object>    <object>
        <name>wheat</name>
        <pose>Unspecified</pose>
        <truncated>0</truncated>
        <difficult>0</difficult>
        <bndbox>
            <xmin>962</xmin>
            <ymin>411</ymin>
            <xmax>1003</xmax>
            <ymax>501</ymax>
        </bndbox>
    </object>    <object>
        <name>wheat</name>
        <pose>Unspecified</pose>
        <truncated>0</truncated>
        <difficult>0</difficult>
        <bndbox>
            <xmin>7</xmin>
            <ymin>691</ymin>
            <xmax>72</xmax>
            <ymax>731</ymax>
        </bndbox>
    </object>    <object>
        <name>wheat</name>
        <pose>Unspecified</pose>
        <truncated>0</truncated>
        <difficult>0</difficult>
        <bndbox>
            <xmin>358</xmin>
            <ymin>526</ymin>
            <xmax>454</xmax>
            <ymax>580</ymax>
        </bndbox>
    </object>    <object>
        <name>wheat</name>
        <pose>Unspecified</pose>
        <truncated>0</truncated>
        <difficult>0</difficult>
        <bndbox>
            <xmin>332</xmin>
            <ymin>905</ymin>
            <xmax>397</xmax>
            <ymax>965</ymax>
        </bndbox>
    </object>    <object>
        <name>wheat</name>
        <pose>Unspecified</pose>
        <truncated>0</truncated>
        <difficult>0</difficult>
        <bndbox>
            <xmin>0</xmin>
            <ymin>744</ymin>
            <xmax>113</xmax>
            <ymax>865</ymax>
        </bndbox>
    </object>    <object>
        <name>wheat</name>
        <pose>Unspecified</pose>
        <truncated>0</truncated>
        <difficult>0</difficult>
        <bndbox>
            <xmin>539</xmin>
            <ymin>524</ymin>
            <xmax>637</xmax>
            <ymax>637</ymax>
        </bndbox>
    </object>    <object>
        <name>wheat</name>
        <pose>Unspecified</pose>
        <truncated>0</truncated>
        <difficult>0</difficult>
        <bndbox>
            <xmin>0</xmin>
            <ymin>876</ymin>
            <xmax>62</xmax>
            <ymax>954</ymax>
        </bndbox>
    </object>    <object>
        <name>wheat</name>
        <pose>Unspecified</pose>
        <truncated>0</truncated>
        <difficult>0</difficult>
        <bndbox>
            <xmin>647</xmin>
            <ymin>691</ymin>
            <xmax>751</xmax>
            <ymax>759</ymax>
        </bndbox>
    </object>    <object>
        <name>wheat</name>
        <pose>Unspecified</pose>
        <truncated>0</truncated>
        <difficult>0</difficult>
        <bndbox>
            <xmin>820</xmin>
            <ymin>250</ymin>
            <xmax>899</xmax>
            <ymax>331</ymax>
        </bndbox>
    </object>    <object>
        <name>wheat</name>
        <pose>Unspecified</pose>
        <truncated>0</truncated>
        <difficult>0</difficult>
        <bndbox>
            <xmin>386</xmin>
            <ymin>0</ymin>
            <xmax>413</xmax>
            <ymax>38</ymax>
        </bndbox>
    </object>    <object>
        <name>wheat</name>
        <pose>Unspecified</pose>
        <truncated>0</truncated>
        <difficult>0</difficult>
        <bndbox>
            <xmin>407</xmin>
            <ymin>638</ymin>
            <xmax>481</xmax>
            <ymax>683</ymax>
        </bndbox>
    </object>    <object>
        <name>wheat</name>
        <pose>Unspecified</pose>
        <truncated>0</truncated>
        <difficult>0</difficult>
        <bndbox>
            <xmin>939</xmin>
            <ymin>0</ymin>
            <xmax>968</xmax>
            <ymax>32</ymax>
        </bndbox>
    </object>    <object>
        <name>wheat</name>
        <pose>Unspecified</pose>
        <truncated>0</truncated>
        <difficult>0</difficult>
        <bndbox>
            <xmin>1010</xmin>
            <ymin>0</ymin>
            <xmax>1024</xmax>
            <ymax>27</ymax>
        </bndbox>
    </object>    <object>
        <name>wheat</name>
        <pose>Unspecified</pose>
        <truncated>0</truncated>
        <difficult>0</difficult>
        <bndbox>
            <xmin>410</xmin>
            <ymin>310</ymin>
            <xmax>472</xmax>
            <ymax>376</ymax>
        </bndbox>
    </object>    <object>
        <name>wheat</name>
        <pose>Unspecified</pose>
        <truncated>0</truncated>
        <difficult>0</difficult>
        <bndbox>
            <xmin>910</xmin>
            <ymin>963</ymin>
            <xmax>983</xmax>
            <ymax>991</ymax>
        </bndbox>
    </object>    <object>
        <name>wheat</name>
        <pose>Unspecified</pose>
        <truncated>0</truncated>
        <difficult>0</difficult>
        <bndbox>
            <xmin>320</xmin>
            <ymin>806</ymin>
            <xmax>388</xmax>
            <ymax>903</ymax>
        </bndbox>
    </object>    <object>
        <name>wheat</name>
        <pose>Unspecified</pose>
        <truncated>0</truncated>
        <difficult>0</difficult>
        <bndbox>
            <xmin>226</xmin>
            <ymin>616</ymin>
            <xmax>314</xmax>
            <ymax>672</ymax>
        </bndbox>
    </object>    <object>
        <name>wheat</name>
        <pose>Unspecified</pose>
        <truncated>0</truncated>
        <difficult>0</difficult>
        <bndbox>
            <xmin>687</xmin>
            <ymin>557</ymin>
            <xmax>758</xmax>
            <ymax>640</ymax>
        </bndbox>
    </object>    <object>
        <name>wheat</name>
        <pose>Unspecified</pose>
        <truncated>0</truncated>
        <difficult>0</difficult>
        <bndbox>
            <xmin>947</xmin>
            <ymin>577</ymin>
            <xmax>1023</xmax>
            <ymax>642</ymax>
        </bndbox>
    </object>    <object>
        <name>wheat</name>
        <pose>Unspecified</pose>
        <truncated>0</truncated>
        <difficult>0</difficult>
        <bndbox>
            <xmin>115</xmin>
            <ymin>988</ymin>
            <xmax>310</xmax>
            <ymax>1023</ymax>
        </bndbox>
    </object>    <object>
        <name>wheat</name>
        <pose>Unspecified</pose>
        <truncated>0</truncated>
        <difficult>0</difficult>
        <bndbox>
            <xmin>207</xmin>
            <ymin>973</ymin>
            <xmax>284</xmax>
            <ymax>1013</ymax>
        </bndbox>
    </object>    <object>
        <name>wheat</name>
        <pose>Unspecified</pose>
        <truncated>0</truncated>
        <difficult>0</difficult>
        <bndbox>
            <xmin>751</xmin>
            <ymin>579</ymin>
            <xmax>863</xmax>
            <ymax>626</ymax>
        </bndbox>
    </object>    <object>
        <name>wheat</name>
        <pose>Unspecified</pose>
        <truncated>0</truncated>
        <difficult>0</difficult>
        <bndbox>
            <xmin>837</xmin>
            <ymin>536</ymin>
            <xmax>926</xmax>
            <ymax>611</ymax>
        </bndbox>
    </object>    <object>
        <name>wheat</name>
        <pose>Unspecified</pose>
        <truncated>0</truncated>
        <difficult>0</difficult>
        <bndbox>
            <xmin>814</xmin>
            <ymin>483</ymin>
            <xmax>876</xmax>
            <ymax>541</ymax>
        </bndbox>
    </object>    <object>
        <name>wheat</name>
        <pose>Unspecified</pose>
        <truncated>0</truncated>
        <difficult>0</difficult>
        <bndbox>
            <xmin>804</xmin>
            <ymin>736</ymin>
            <xmax>889</xmax>
            <ymax>860</ymax>
        </bndbox>
    </object>    <object>
        <name>wheat</name>
        <pose>Unspecified</pose>
        <truncated>0</truncated>
        <difficult>0</difficult>
        <bndbox>
            <xmin>459</xmin>
            <ymin>80</ymin>
            <xmax>509</xmax>
            <ymax>126</ymax>
        </bndbox>
    </object>    <object>
        <name>wheat</name>
        <pose>Unspecified</pose>
        <truncated>0</truncated>
        <difficult>0</difficult>
        <bndbox>
            <xmin>573</xmin>
            <ymin>236</ymin>
            <xmax>630</xmax>
            <ymax>319</ymax>
        </bndbox>
    </object>    <object>
        <name>wheat</name>
        <pose>Unspecified</pose>
        <truncated>0</truncated>
        <difficult>0</difficult>
        <bndbox>
            <xmin>24</xmin>
            <ymin>323</ymin>
            <xmax>147</xmax>
            <ymax>421</ymax>
        </bndbox>
    </object>    <object>
        <name>wheat</name>
        <pose>Unspecified</pose>
        <truncated>0</truncated>
        <difficult>0</difficult>
        <bndbox>
            <xmin>110</xmin>
            <ymin>834</ymin>
            <xmax>160</xmax>
            <ymax>895</ymax>
        </bndbox>
    </object>    <object>
        <name>wheat</name>
        <pose>Unspecified</pose>
        <truncated>0</truncated>
        <difficult>0</difficult>
        <bndbox>
            <xmin>160</xmin>
            <ymin>795</ymin>
            <xmax>228</xmax>
            <ymax>883</ymax>
        </bndbox>
    </object>    <object>
        <name>wheat</name>
        <pose>Unspecified</pose>
        <truncated>0</truncated>
        <difficult>0</difficult>
        <bndbox>
            <xmin>959</xmin>
            <ymin>16</ymin>
            <xmax>1024</xmax>
            <ymax>70</ymax>
        </bndbox>
    </object>    <object>
        <name>wheat</name>
        <pose>Unspecified</pose>
        <truncated>0</truncated>
        <difficult>0</difficult>
        <bndbox>
            <xmin>513</xmin>
            <ymin>37</ymin>
            <xmax>584</xmax>
            <ymax>106</ymax>
        </bndbox>
    </object>    <object>
        <name>wheat</name>
        <pose>Unspecified</pose>
        <truncated>0</truncated>
        <difficult>0</difficult>
        <bndbox>
            <xmin>131</xmin>
            <ymin>122</ymin>
            <xmax>204</xmax>
            <ymax>191</ymax>
        </bndbox>
    </object>    <object>
        <name>wheat</name>
        <pose>Unspecified</pose>
        <truncated>0</truncated>
        <difficult>0</difficult>
        <bndbox>
            <xmin>612</xmin>
            <ymin>986</ymin>
            <xmax>686</xmax>
            <ymax>1022</ymax>
        </bndbox>
    </object>    <object>
        <name>wheat</name>
        <pose>Unspecified</pose>
        <truncated>0</truncated>
        <difficult>0</difficult>
        <bndbox>
            <xmin>962</xmin>
            <ymin>713</ymin>
            <xmax>1019</xmax>
            <ymax>764</ymax>
        </bndbox>
    </object>    <object>
        <name>wheat</name>
        <pose>Unspecified</pose>
        <truncated>0</truncated>
        <difficult>0</difficult>
        <bndbox>
            <xmin>155</xmin>
            <ymin>671</ymin>
            <xmax>219</xmax>
            <ymax>734</ymax>
        </bndbox>
    </object>
</annotation>
