<annotation>
    <folder>JPEGImages</folder>
    <filename>93648317d.jpg</filename>
    <path>/content/data/VOCdevkit/VOC2007/JPEGImages/93648317d.jpg</path>
    <source>
        <database>Unknown</database>
    </source>
    <size>
        <width>1024</width>
        <height>1024</height>
        <depth>3</depth>
    </size>
    <segmented>0</segmented>
    <object>
        <name>wheat</name>
        <pose>Unspecified</pose>
        <truncated>0</truncated>
        <difficult>0</difficult>
        <bndbox>
            <xmin>706</xmin>
            <ymin>0</ymin>
            <xmax>832</xmax>
            <ymax>79</ymax>
        </bndbox>
    </object>    <object>
        <name>wheat</name>
        <pose>Unspecified</pose>
        <truncated>0</truncated>
        <difficult>0</difficult>
        <bndbox>
            <xmin>483</xmin>
            <ymin>250</ymin>
            <xmax>601</xmax>
            <ymax>376</ymax>
        </bndbox>
    </object>    <object>
        <name>wheat</name>
        <pose>Unspecified</pose>
        <truncated>0</truncated>
        <difficult>0</difficult>
        <bndbox>
            <xmin>627</xmin>
            <ymin>739</ymin>
            <xmax>783</xmax>
            <ymax>870</ymax>
        </bndbox>
    </object>    <object>
        <name>wheat</name>
        <pose>Unspecified</pose>
        <truncated>0</truncated>
        <difficult>0</difficult>
        <bndbox>
            <xmin>474</xmin>
            <ymin>377</ymin>
            <xmax>615</xmax>
            <ymax>462</ymax>
        </bndbox>
    </object>    <object>
        <name>wheat</name>
        <pose>Unspecified</pose>
        <truncated>0</truncated>
        <difficult>0</difficult>
        <bndbox>
            <xmin>16</xmin>
            <ymin>29</ymin>
            <xmax>144</xmax>
            <ymax>132</ymax>
        </bndbox>
    </object>    <object>
        <name>wheat</name>
        <pose>Unspecified</pose>
        <truncated>0</truncated>
        <difficult>0</difficult>
        <bndbox>
            <xmin>791</xmin>
            <ymin>588</ymin>
            <xmax>944</xmax>
            <ymax>765</ymax>
        </bndbox>
    </object>    <object>
        <name>wheat</name>
        <pose>Unspecified</pose>
        <truncated>0</truncated>
        <difficult>0</difficult>
        <bndbox>
            <xmin>770</xmin>
            <ymin>259</ymin>
            <xmax>847</xmax>
            <ymax>455</ymax>
        </bndbox>
    </object>    <object>
        <name>wheat</name>
        <pose>Unspecified</pose>
        <truncated>0</truncated>
        <difficult>0</difficult>
        <bndbox>
            <xmin>657</xmin>
            <ymin>499</ymin>
            <xmax>826</xmax>
            <ymax>688</ymax>
        </bndbox>
    </object>    <object>
        <name>wheat</name>
        <pose>Unspecified</pose>
        <truncated>0</truncated>
        <difficult>0</difficult>
        <bndbox>
            <xmin>2</xmin>
            <ymin>194</ymin>
            <xmax>176</xmax>
            <ymax>442</ymax>
        </bndbox>
    </object>    <object>
        <name>wheat</name>
        <pose>Unspecified</pose>
        <truncated>0</truncated>
        <difficult>0</difficult>
        <bndbox>
            <xmin>820</xmin>
            <ymin>34</ymin>
            <xmax>989</xmax>
            <ymax>226</ymax>
        </bndbox>
    </object>    <object>
        <name>wheat</name>
        <pose>Unspecified</pose>
        <truncated>0</truncated>
        <difficult>0</difficult>
        <bndbox>
            <xmin>865</xmin>
            <ymin>0</ymin>
            <xmax>957</xmax>
            <ymax>64</ymax>
        </bndbox>
    </object>    <object>
        <name>wheat</name>
        <pose>Unspecified</pose>
        <truncated>0</truncated>
        <difficult>0</difficult>
        <bndbox>
            <xmin>197</xmin>
            <ymin>857</ymin>
            <xmax>430</xmax>
            <ymax>1024</ymax>
        </bndbox>
    </object>    <object>
        <name>wheat</name>
        <pose>Unspecified</pose>
        <truncated>0</truncated>
        <difficult>0</difficult>
        <bndbox>
            <xmin>505</xmin>
            <ymin>0</ymin>
            <xmax>602</xmax>
            <ymax>52</ymax>
        </bndbox>
    </object>    <object>
        <name>wheat</name>
        <pose>Unspecified</pose>
        <truncated>0</truncated>
        <difficult>0</difficult>
        <bndbox>
            <xmin>914</xmin>
            <ymin>455</ymin>
            <xmax>1024</xmax>
            <ymax>604</ymax>
        </bndbox>
    </object>    <object>
        <name>wheat</name>
        <pose>Unspecified</pose>
        <truncated>0</truncated>
        <difficult>0</difficult>
        <bndbox>
            <xmin>947</xmin>
            <ymin>419</ymin>
            <xmax>1024</xmax>
            <ymax>496</ymax>
        </bndbox>
    </object>    <object>
        <name>wheat</name>
        <pose>Unspecified</pose>
        <truncated>0</truncated>
        <difficult>0</difficult>
        <bndbox>
            <xmin>36</xmin>
            <ymin>614</ymin>
            <xmax>303</xmax>
            <ymax>750</ymax>
        </bndbox>
    </object>    <object>
        <name>wheat</name>
        <pose>Unspecified</pose>
        <truncated>0</truncated>
        <difficult>0</difficult>
        <bndbox>
            <xmin>168</xmin>
            <ymin>293</ymin>
            <xmax>289</xmax>
            <ymax>621</ymax>
        </bndbox>
    </object>    <object>
        <name>wheat</name>
        <pose>Unspecified</pose>
        <truncated>0</truncated>
        <difficult>0</difficult>
        <bndbox>
            <xmin>442</xmin>
            <ymin>913</ymin>
            <xmax>619</xmax>
            <ymax>1021</ymax>
        </bndbox>
    </object>    <object>
        <name>wheat</name>
        <pose>Unspecified</pose>
        <truncated>0</truncated>
        <difficult>0</difficult>
        <bndbox>
            <xmin>821</xmin>
            <ymin>389</ymin>
            <xmax>1006</xmax>
            <ymax>514</ymax>
        </bndbox>
    </object>    <object>
        <name>wheat</name>
        <pose>Unspecified</pose>
        <truncated>0</truncated>
        <difficult>0</difficult>
        <bndbox>
            <xmin>3</xmin>
            <ymin>746</ymin>
            <xmax>248</xmax>
            <ymax>1024</ymax>
        </bndbox>
    </object>    <object>
        <name>wheat</name>
        <pose>Unspecified</pose>
        <truncated>0</truncated>
        <difficult>0</difficult>
        <bndbox>
            <xmin>921</xmin>
            <ymin>25</ymin>
            <xmax>1024</xmax>
            <ymax>189</ymax>
        </bndbox>
    </object>    <object>
        <name>wheat</name>
        <pose>Unspecified</pose>
        <truncated>0</truncated>
        <difficult>0</difficult>
        <bndbox>
            <xmin>2</xmin>
            <ymin>458</ymin>
            <xmax>80</xmax>
            <ymax>820</ymax>
        </bndbox>
    </object>    <object>
        <name>wheat</name>
        <pose>Unspecified</pose>
        <truncated>0</truncated>
        <difficult>0</difficult>
        <bndbox>
            <xmin>814</xmin>
            <ymin>243</ymin>
            <xmax>893</xmax>
            <ymax>377</ymax>
        </bndbox>
    </object>
</annotation>
