<annotation>
    <folder>JPEGImages</folder>
    <filename>9aa0487b0.jpg</filename>
    <path>/content/data/VOCdevkit/VOC2007/JPEGImages/9aa0487b0.jpg</path>
    <source>
        <database>Unknown</database>
    </source>
    <size>
        <width>1024</width>
        <height>1024</height>
        <depth>3</depth>
    </size>
    <segmented>0</segmented>
    <object>
        <name>wheat</name>
        <pose>Unspecified</pose>
        <truncated>0</truncated>
        <difficult>0</difficult>
        <bndbox>
            <xmin>101</xmin>
            <ymin>334</ymin>
            <xmax>189</xmax>
            <ymax>451</ymax>
        </bndbox>
    </object>    <object>
        <name>wheat</name>
        <pose>Unspecified</pose>
        <truncated>0</truncated>
        <difficult>0</difficult>
        <bndbox>
            <xmin>887</xmin>
            <ymin>345</ymin>
            <xmax>932</xmax>
            <ymax>506</ymax>
        </bndbox>
    </object>    <object>
        <name>wheat</name>
        <pose>Unspecified</pose>
        <truncated>0</truncated>
        <difficult>0</difficult>
        <bndbox>
            <xmin>329</xmin>
            <ymin>727</ymin>
            <xmax>397</xmax>
            <ymax>805</ymax>
        </bndbox>
    </object>    <object>
        <name>wheat</name>
        <pose>Unspecified</pose>
        <truncated>0</truncated>
        <difficult>0</difficult>
        <bndbox>
            <xmin>0</xmin>
            <ymin>228</ymin>
            <xmax>95</xmax>
            <ymax>277</ymax>
        </bndbox>
    </object>    <object>
        <name>wheat</name>
        <pose>Unspecified</pose>
        <truncated>0</truncated>
        <difficult>0</difficult>
        <bndbox>
            <xmin>438</xmin>
            <ymin>798</ymin>
            <xmax>539</xmax>
            <ymax>876</ymax>
        </bndbox>
    </object>    <object>
        <name>wheat</name>
        <pose>Unspecified</pose>
        <truncated>0</truncated>
        <difficult>0</difficult>
        <bndbox>
            <xmin>760</xmin>
            <ymin>354</ymin>
            <xmax>835</xmax>
            <ymax>436</ymax>
        </bndbox>
    </object>    <object>
        <name>wheat</name>
        <pose>Unspecified</pose>
        <truncated>0</truncated>
        <difficult>0</difficult>
        <bndbox>
            <xmin>0</xmin>
            <ymin>368</ymin>
            <xmax>80</xmax>
            <ymax>424</ymax>
        </bndbox>
    </object>    <object>
        <name>wheat</name>
        <pose>Unspecified</pose>
        <truncated>0</truncated>
        <difficult>0</difficult>
        <bndbox>
            <xmin>188</xmin>
            <ymin>57</ymin>
            <xmax>324</xmax>
            <ymax>109</ymax>
        </bndbox>
    </object>    <object>
        <name>wheat</name>
        <pose>Unspecified</pose>
        <truncated>0</truncated>
        <difficult>0</difficult>
        <bndbox>
            <xmin>488</xmin>
            <ymin>380</ymin>
            <xmax>546</xmax>
            <ymax>475</ymax>
        </bndbox>
    </object>    <object>
        <name>wheat</name>
        <pose>Unspecified</pose>
        <truncated>0</truncated>
        <difficult>0</difficult>
        <bndbox>
            <xmin>192</xmin>
            <ymin>460</ymin>
            <xmax>300</xmax>
            <ymax>498</ymax>
        </bndbox>
    </object>    <object>
        <name>wheat</name>
        <pose>Unspecified</pose>
        <truncated>0</truncated>
        <difficult>0</difficult>
        <bndbox>
            <xmin>532</xmin>
            <ymin>559</ymin>
            <xmax>592</xmax>
            <ymax>610</ymax>
        </bndbox>
    </object>    <object>
        <name>wheat</name>
        <pose>Unspecified</pose>
        <truncated>0</truncated>
        <difficult>0</difficult>
        <bndbox>
            <xmin>96</xmin>
            <ymin>17</ymin>
            <xmax>212</xmax>
            <ymax>107</ymax>
        </bndbox>
    </object>    <object>
        <name>wheat</name>
        <pose>Unspecified</pose>
        <truncated>0</truncated>
        <difficult>0</difficult>
        <bndbox>
            <xmin>314</xmin>
            <ymin>439</ymin>
            <xmax>389</xmax>
            <ymax>492</ymax>
        </bndbox>
    </object>    <object>
        <name>wheat</name>
        <pose>Unspecified</pose>
        <truncated>0</truncated>
        <difficult>0</difficult>
        <bndbox>
            <xmin>301</xmin>
            <ymin>517</ymin>
            <xmax>409</xmax>
            <ymax>559</ymax>
        </bndbox>
    </object>    <object>
        <name>wheat</name>
        <pose>Unspecified</pose>
        <truncated>0</truncated>
        <difficult>0</difficult>
        <bndbox>
            <xmin>200</xmin>
            <ymin>244</ymin>
            <xmax>279</xmax>
            <ymax>290</ymax>
        </bndbox>
    </object>    <object>
        <name>wheat</name>
        <pose>Unspecified</pose>
        <truncated>0</truncated>
        <difficult>0</difficult>
        <bndbox>
            <xmin>315</xmin>
            <ymin>811</ymin>
            <xmax>387</xmax>
            <ymax>862</ymax>
        </bndbox>
    </object>    <object>
        <name>wheat</name>
        <pose>Unspecified</pose>
        <truncated>0</truncated>
        <difficult>0</difficult>
        <bndbox>
            <xmin>853</xmin>
            <ymin>275</ymin>
            <xmax>929</xmax>
            <ymax>323</ymax>
        </bndbox>
    </object>    <object>
        <name>wheat</name>
        <pose>Unspecified</pose>
        <truncated>0</truncated>
        <difficult>0</difficult>
        <bndbox>
            <xmin>109</xmin>
            <ymin>501</ymin>
            <xmax>203</xmax>
            <ymax>552</ymax>
        </bndbox>
    </object>    <object>
        <name>wheat</name>
        <pose>Unspecified</pose>
        <truncated>0</truncated>
        <difficult>0</difficult>
        <bndbox>
            <xmin>701</xmin>
            <ymin>111</ymin>
            <xmax>785</xmax>
            <ymax>152</ymax>
        </bndbox>
    </object>    <object>
        <name>wheat</name>
        <pose>Unspecified</pose>
        <truncated>0</truncated>
        <difficult>0</difficult>
        <bndbox>
            <xmin>270</xmin>
            <ymin>868</ymin>
            <xmax>387</xmax>
            <ymax>924</ymax>
        </bndbox>
    </object>    <object>
        <name>wheat</name>
        <pose>Unspecified</pose>
        <truncated>0</truncated>
        <difficult>0</difficult>
        <bndbox>
            <xmin>105</xmin>
            <ymin>891</ymin>
            <xmax>196</xmax>
            <ymax>925</ymax>
        </bndbox>
    </object>    <object>
        <name>wheat</name>
        <pose>Unspecified</pose>
        <truncated>0</truncated>
        <difficult>0</difficult>
        <bndbox>
            <xmin>28</xmin>
            <ymin>593</ymin>
            <xmax>131</xmax>
            <ymax>636</ymax>
        </bndbox>
    </object>    <object>
        <name>wheat</name>
        <pose>Unspecified</pose>
        <truncated>0</truncated>
        <difficult>0</difficult>
        <bndbox>
            <xmin>196</xmin>
            <ymin>117</ymin>
            <xmax>267</xmax>
            <ymax>162</ymax>
        </bndbox>
    </object>    <object>
        <name>wheat</name>
        <pose>Unspecified</pose>
        <truncated>0</truncated>
        <difficult>0</difficult>
        <bndbox>
            <xmin>6</xmin>
            <ymin>484</ymin>
            <xmax>110</xmax>
            <ymax>528</ymax>
        </bndbox>
    </object>    <object>
        <name>wheat</name>
        <pose>Unspecified</pose>
        <truncated>0</truncated>
        <difficult>0</difficult>
        <bndbox>
            <xmin>694</xmin>
            <ymin>477</ymin>
            <xmax>745</xmax>
            <ymax>525</ymax>
        </bndbox>
    </object>    <object>
        <name>wheat</name>
        <pose>Unspecified</pose>
        <truncated>0</truncated>
        <difficult>0</difficult>
        <bndbox>
            <xmin>737</xmin>
            <ymin>559</ymin>
            <xmax>800</xmax>
            <ymax>614</ymax>
        </bndbox>
    </object>    <object>
        <name>wheat</name>
        <pose>Unspecified</pose>
        <truncated>0</truncated>
        <difficult>0</difficult>
        <bndbox>
            <xmin>358</xmin>
            <ymin>287</ymin>
            <xmax>460</xmax>
            <ymax>369</ymax>
        </bndbox>
    </object>    <object>
        <name>wheat</name>
        <pose>Unspecified</pose>
        <truncated>0</truncated>
        <difficult>0</difficult>
        <bndbox>
            <xmin>0</xmin>
            <ymin>345</ymin>
            <xmax>50</xmax>
            <ymax>380</ymax>
        </bndbox>
    </object>    <object>
        <name>wheat</name>
        <pose>Unspecified</pose>
        <truncated>0</truncated>
        <difficult>0</difficult>
        <bndbox>
            <xmin>898</xmin>
            <ymin>365</ymin>
            <xmax>968</xmax>
            <ymax>435</ymax>
        </bndbox>
    </object>    <object>
        <name>wheat</name>
        <pose>Unspecified</pose>
        <truncated>0</truncated>
        <difficult>0</difficult>
        <bndbox>
            <xmin>1</xmin>
            <ymin>666</ymin>
            <xmax>89</xmax>
            <ymax>705</ymax>
        </bndbox>
    </object>    <object>
        <name>wheat</name>
        <pose>Unspecified</pose>
        <truncated>0</truncated>
        <difficult>0</difficult>
        <bndbox>
            <xmin>0</xmin>
            <ymin>486</ymin>
            <xmax>17</xmax>
            <ymax>525</ymax>
        </bndbox>
    </object>    <object>
        <name>wheat</name>
        <pose>Unspecified</pose>
        <truncated>0</truncated>
        <difficult>0</difficult>
        <bndbox>
            <xmin>776</xmin>
            <ymin>441</ymin>
            <xmax>824</xmax>
            <ymax>492</ymax>
        </bndbox>
    </object>    <object>
        <name>wheat</name>
        <pose>Unspecified</pose>
        <truncated>0</truncated>
        <difficult>0</difficult>
        <bndbox>
            <xmin>899</xmin>
            <ymin>945</ymin>
            <xmax>971</xmax>
            <ymax>986</ymax>
        </bndbox>
    </object>    <object>
        <name>wheat</name>
        <pose>Unspecified</pose>
        <truncated>0</truncated>
        <difficult>0</difficult>
        <bndbox>
            <xmin>681</xmin>
            <ymin>846</ymin>
            <xmax>772</xmax>
            <ymax>882</ymax>
        </bndbox>
    </object>    <object>
        <name>wheat</name>
        <pose>Unspecified</pose>
        <truncated>0</truncated>
        <difficult>0</difficult>
        <bndbox>
            <xmin>0</xmin>
            <ymin>65</ymin>
            <xmax>47</xmax>
            <ymax>202</ymax>
        </bndbox>
    </object>    <object>
        <name>wheat</name>
        <pose>Unspecified</pose>
        <truncated>0</truncated>
        <difficult>0</difficult>
        <bndbox>
            <xmin>378</xmin>
            <ymin>253</ymin>
            <xmax>435</xmax>
            <ymax>300</ymax>
        </bndbox>
    </object>    <object>
        <name>wheat</name>
        <pose>Unspecified</pose>
        <truncated>0</truncated>
        <difficult>0</difficult>
        <bndbox>
            <xmin>155</xmin>
            <ymin>806</ymin>
            <xmax>222</xmax>
            <ymax>841</ymax>
        </bndbox>
    </object>    <object>
        <name>wheat</name>
        <pose>Unspecified</pose>
        <truncated>0</truncated>
        <difficult>0</difficult>
        <bndbox>
            <xmin>480</xmin>
            <ymin>772</ymin>
            <xmax>532</xmax>
            <ymax>801</ymax>
        </bndbox>
    </object>    <object>
        <name>wheat</name>
        <pose>Unspecified</pose>
        <truncated>0</truncated>
        <difficult>0</difficult>
        <bndbox>
            <xmin>888</xmin>
            <ymin>835</ymin>
            <xmax>951</xmax>
            <ymax>869</ymax>
        </bndbox>
    </object>    <object>
        <name>wheat</name>
        <pose>Unspecified</pose>
        <truncated>0</truncated>
        <difficult>0</difficult>
        <bndbox>
            <xmin>678</xmin>
            <ymin>221</ymin>
            <xmax>733</xmax>
            <ymax>249</ymax>
        </bndbox>
    </object>    <object>
        <name>wheat</name>
        <pose>Unspecified</pose>
        <truncated>0</truncated>
        <difficult>0</difficult>
        <bndbox>
            <xmin>550</xmin>
            <ymin>749</ymin>
            <xmax>598</xmax>
            <ymax>775</ymax>
        </bndbox>
    </object>    <object>
        <name>wheat</name>
        <pose>Unspecified</pose>
        <truncated>0</truncated>
        <difficult>0</difficult>
        <bndbox>
            <xmin>755</xmin>
            <ymin>243</ymin>
            <xmax>829</xmax>
            <ymax>284</ymax>
        </bndbox>
    </object>    <object>
        <name>wheat</name>
        <pose>Unspecified</pose>
        <truncated>0</truncated>
        <difficult>0</difficult>
        <bndbox>
            <xmin>142</xmin>
            <ymin>587</ymin>
            <xmax>249</xmax>
            <ymax>621</ymax>
        </bndbox>
    </object>    <object>
        <name>wheat</name>
        <pose>Unspecified</pose>
        <truncated>0</truncated>
        <difficult>0</difficult>
        <bndbox>
            <xmin>495</xmin>
            <ymin>874</ymin>
            <xmax>587</xmax>
            <ymax>905</ymax>
        </bndbox>
    </object>    <object>
        <name>wheat</name>
        <pose>Unspecified</pose>
        <truncated>0</truncated>
        <difficult>0</difficult>
        <bndbox>
            <xmin>238</xmin>
            <ymin>607</ymin>
            <xmax>325</xmax>
            <ymax>638</ymax>
        </bndbox>
    </object>    <object>
        <name>wheat</name>
        <pose>Unspecified</pose>
        <truncated>0</truncated>
        <difficult>0</difficult>
        <bndbox>
            <xmin>0</xmin>
            <ymin>822</ymin>
            <xmax>49</xmax>
            <ymax>860</ymax>
        </bndbox>
    </object>    <object>
        <name>wheat</name>
        <pose>Unspecified</pose>
        <truncated>0</truncated>
        <difficult>0</difficult>
        <bndbox>
            <xmin>700</xmin>
            <ymin>327</ymin>
            <xmax>749</xmax>
            <ymax>363</ymax>
        </bndbox>
    </object>    <object>
        <name>wheat</name>
        <pose>Unspecified</pose>
        <truncated>0</truncated>
        <difficult>0</difficult>
        <bndbox>
            <xmin>72</xmin>
            <ymin>36</ymin>
            <xmax>131</xmax>
            <ymax>79</ymax>
        </bndbox>
    </object>    <object>
        <name>wheat</name>
        <pose>Unspecified</pose>
        <truncated>0</truncated>
        <difficult>0</difficult>
        <bndbox>
            <xmin>611</xmin>
            <ymin>238</ymin>
            <xmax>685</xmax>
            <ymax>283</ymax>
        </bndbox>
    </object>    <object>
        <name>wheat</name>
        <pose>Unspecified</pose>
        <truncated>0</truncated>
        <difficult>0</difficult>
        <bndbox>
            <xmin>98</xmin>
            <ymin>0</ymin>
            <xmax>195</xmax>
            <ymax>41</ymax>
        </bndbox>
    </object>    <object>
        <name>wheat</name>
        <pose>Unspecified</pose>
        <truncated>0</truncated>
        <difficult>0</difficult>
        <bndbox>
            <xmin>113</xmin>
            <ymin>486</ymin>
            <xmax>189</xmax>
            <ymax>524</ymax>
        </bndbox>
    </object>    <object>
        <name>wheat</name>
        <pose>Unspecified</pose>
        <truncated>0</truncated>
        <difficult>0</difficult>
        <bndbox>
            <xmin>151</xmin>
            <ymin>703</ymin>
            <xmax>241</xmax>
            <ymax>741</ymax>
        </bndbox>
    </object>    <object>
        <name>wheat</name>
        <pose>Unspecified</pose>
        <truncated>0</truncated>
        <difficult>0</difficult>
        <bndbox>
            <xmin>87</xmin>
            <ymin>815</ymin>
            <xmax>132</xmax>
            <ymax>858</ymax>
        </bndbox>
    </object>    <object>
        <name>wheat</name>
        <pose>Unspecified</pose>
        <truncated>0</truncated>
        <difficult>0</difficult>
        <bndbox>
            <xmin>945</xmin>
            <ymin>174</ymin>
            <xmax>1020</xmax>
            <ymax>255</ymax>
        </bndbox>
    </object>    <object>
        <name>wheat</name>
        <pose>Unspecified</pose>
        <truncated>0</truncated>
        <difficult>0</difficult>
        <bndbox>
            <xmin>495</xmin>
            <ymin>941</ymin>
            <xmax>589</xmax>
            <ymax>976</ymax>
        </bndbox>
    </object>    <object>
        <name>wheat</name>
        <pose>Unspecified</pose>
        <truncated>0</truncated>
        <difficult>0</difficult>
        <bndbox>
            <xmin>706</xmin>
            <ymin>131</ymin>
            <xmax>777</xmax>
            <ymax>184</ymax>
        </bndbox>
    </object>    <object>
        <name>wheat</name>
        <pose>Unspecified</pose>
        <truncated>0</truncated>
        <difficult>0</difficult>
        <bndbox>
            <xmin>806</xmin>
            <ymin>301</ymin>
            <xmax>839</xmax>
            <ymax>385</ymax>
        </bndbox>
    </object>    <object>
        <name>wheat</name>
        <pose>Unspecified</pose>
        <truncated>0</truncated>
        <difficult>0</difficult>
        <bndbox>
            <xmin>9</xmin>
            <ymin>885</ymin>
            <xmax>95</xmax>
            <ymax>929</ymax>
        </bndbox>
    </object>    <object>
        <name>wheat</name>
        <pose>Unspecified</pose>
        <truncated>0</truncated>
        <difficult>0</difficult>
        <bndbox>
            <xmin>197</xmin>
            <ymin>213</ymin>
            <xmax>290</xmax>
            <ymax>247</ymax>
        </bndbox>
    </object>    <object>
        <name>wheat</name>
        <pose>Unspecified</pose>
        <truncated>0</truncated>
        <difficult>0</difficult>
        <bndbox>
            <xmin>402</xmin>
            <ymin>241</ymin>
            <xmax>514</xmax>
            <ymax>286</ymax>
        </bndbox>
    </object>    <object>
        <name>wheat</name>
        <pose>Unspecified</pose>
        <truncated>0</truncated>
        <difficult>0</difficult>
        <bndbox>
            <xmin>192</xmin>
            <ymin>196</ymin>
            <xmax>274</xmax>
            <ymax>221</ymax>
        </bndbox>
    </object>    <object>
        <name>wheat</name>
        <pose>Unspecified</pose>
        <truncated>0</truncated>
        <difficult>0</difficult>
        <bndbox>
            <xmin>0</xmin>
            <ymin>611</ymin>
            <xmax>66</xmax>
            <ymax>634</ymax>
        </bndbox>
    </object>    <object>
        <name>wheat</name>
        <pose>Unspecified</pose>
        <truncated>0</truncated>
        <difficult>0</difficult>
        <bndbox>
            <xmin>563</xmin>
            <ymin>814</ymin>
            <xmax>659</xmax>
            <ymax>865</ymax>
        </bndbox>
    </object>    <object>
        <name>wheat</name>
        <pose>Unspecified</pose>
        <truncated>0</truncated>
        <difficult>0</difficult>
        <bndbox>
            <xmin>573</xmin>
            <ymin>990</ymin>
            <xmax>642</xmax>
            <ymax>1024</ymax>
        </bndbox>
    </object>    <object>
        <name>wheat</name>
        <pose>Unspecified</pose>
        <truncated>0</truncated>
        <difficult>0</difficult>
        <bndbox>
            <xmin>663</xmin>
            <ymin>878</ymin>
            <xmax>746</xmax>
            <ymax>921</ymax>
        </bndbox>
    </object>    <object>
        <name>wheat</name>
        <pose>Unspecified</pose>
        <truncated>0</truncated>
        <difficult>0</difficult>
        <bndbox>
            <xmin>719</xmin>
            <ymin>1007</ymin>
            <xmax>759</xmax>
            <ymax>1024</ymax>
        </bndbox>
    </object>    <object>
        <name>wheat</name>
        <pose>Unspecified</pose>
        <truncated>0</truncated>
        <difficult>0</difficult>
        <bndbox>
            <xmin>402</xmin>
            <ymin>995</ymin>
            <xmax>436</xmax>
            <ymax>1024</ymax>
        </bndbox>
    </object>    <object>
        <name>wheat</name>
        <pose>Unspecified</pose>
        <truncated>0</truncated>
        <difficult>0</difficult>
        <bndbox>
            <xmin>125</xmin>
            <ymin>221</ymin>
            <xmax>186</xmax>
            <ymax>268</ymax>
        </bndbox>
    </object>    <object>
        <name>wheat</name>
        <pose>Unspecified</pose>
        <truncated>0</truncated>
        <difficult>0</difficult>
        <bndbox>
            <xmin>327</xmin>
            <ymin>225</ymin>
            <xmax>374</xmax>
            <ymax>300</ymax>
        </bndbox>
    </object>    <object>
        <name>wheat</name>
        <pose>Unspecified</pose>
        <truncated>0</truncated>
        <difficult>0</difficult>
        <bndbox>
            <xmin>1002</xmin>
            <ymin>484</ymin>
            <xmax>1024</xmax>
            <ymax>549</ymax>
        </bndbox>
    </object>    <object>
        <name>wheat</name>
        <pose>Unspecified</pose>
        <truncated>0</truncated>
        <difficult>0</difficult>
        <bndbox>
            <xmin>1001</xmin>
            <ymin>553</ymin>
            <xmax>1024</xmax>
            <ymax>598</ymax>
        </bndbox>
    </object>    <object>
        <name>wheat</name>
        <pose>Unspecified</pose>
        <truncated>0</truncated>
        <difficult>0</difficult>
        <bndbox>
            <xmin>996</xmin>
            <ymin>875</ymin>
            <xmax>1024</xmax>
            <ymax>939</ymax>
        </bndbox>
    </object>    <object>
        <name>wheat</name>
        <pose>Unspecified</pose>
        <truncated>0</truncated>
        <difficult>0</difficult>
        <bndbox>
            <xmin>0</xmin>
            <ymin>953</ymin>
            <xmax>141</xmax>
            <ymax>983</ymax>
        </bndbox>
    </object>    <object>
        <name>wheat</name>
        <pose>Unspecified</pose>
        <truncated>0</truncated>
        <difficult>0</difficult>
        <bndbox>
            <xmin>376</xmin>
            <ymin>0</ymin>
            <xmax>422</xmax>
            <ymax>23</ymax>
        </bndbox>
    </object>
</annotation>
