<annotation>
    <folder>JPEGImages</folder>
    <filename>a3c792f9a.jpg</filename>
    <path>/content/data/VOCdevkit/VOC2007/JPEGImages/a3c792f9a.jpg</path>
    <source>
        <database>Unknown</database>
    </source>
    <size>
        <width>1024</width>
        <height>1024</height>
        <depth>3</depth>
    </size>
    <segmented>0</segmented>
    <object>
        <name>wheat</name>
        <pose>Unspecified</pose>
        <truncated>0</truncated>
        <difficult>0</difficult>
        <bndbox>
            <xmin>811</xmin>
            <ymin>586</ymin>
            <xmax>926</xmax>
            <ymax>665</ymax>
        </bndbox>
    </object>    <object>
        <name>wheat</name>
        <pose>Unspecified</pose>
        <truncated>0</truncated>
        <difficult>0</difficult>
        <bndbox>
            <xmin>622</xmin>
            <ymin>913</ymin>
            <xmax>711</xmax>
            <ymax>985</ymax>
        </bndbox>
    </object>    <object>
        <name>wheat</name>
        <pose>Unspecified</pose>
        <truncated>0</truncated>
        <difficult>0</difficult>
        <bndbox>
            <xmin>307</xmin>
            <ymin>701</ymin>
            <xmax>386</xmax>
            <ymax>770</ymax>
        </bndbox>
    </object>    <object>
        <name>wheat</name>
        <pose>Unspecified</pose>
        <truncated>0</truncated>
        <difficult>0</difficult>
        <bndbox>
            <xmin>611</xmin>
            <ymin>798</ymin>
            <xmax>693</xmax>
            <ymax>896</ymax>
        </bndbox>
    </object>    <object>
        <name>wheat</name>
        <pose>Unspecified</pose>
        <truncated>0</truncated>
        <difficult>0</difficult>
        <bndbox>
            <xmin>777</xmin>
            <ymin>925</ymin>
            <xmax>847</xmax>
            <ymax>1006</ymax>
        </bndbox>
    </object>    <object>
        <name>wheat</name>
        <pose>Unspecified</pose>
        <truncated>0</truncated>
        <difficult>0</difficult>
        <bndbox>
            <xmin>760</xmin>
            <ymin>711</ymin>
            <xmax>847</xmax>
            <ymax>816</ymax>
        </bndbox>
    </object>    <object>
        <name>wheat</name>
        <pose>Unspecified</pose>
        <truncated>0</truncated>
        <difficult>0</difficult>
        <bndbox>
            <xmin>678</xmin>
            <ymin>529</ymin>
            <xmax>775</xmax>
            <ymax>634</ymax>
        </bndbox>
    </object>    <object>
        <name>wheat</name>
        <pose>Unspecified</pose>
        <truncated>0</truncated>
        <difficult>0</difficult>
        <bndbox>
            <xmin>627</xmin>
            <ymin>332</ymin>
            <xmax>698</xmax>
            <ymax>407</ymax>
        </bndbox>
    </object>    <object>
        <name>wheat</name>
        <pose>Unspecified</pose>
        <truncated>0</truncated>
        <difficult>0</difficult>
        <bndbox>
            <xmin>1021</xmin>
            <ymin>404</ymin>
            <xmax>1024</xmax>
            <ymax>491</ymax>
        </bndbox>
    </object>    <object>
        <name>wheat</name>
        <pose>Unspecified</pose>
        <truncated>0</truncated>
        <difficult>0</difficult>
        <bndbox>
            <xmin>516</xmin>
            <ymin>910</ymin>
            <xmax>605</xmax>
            <ymax>991</ymax>
        </bndbox>
    </object>    <object>
        <name>wheat</name>
        <pose>Unspecified</pose>
        <truncated>0</truncated>
        <difficult>0</difficult>
        <bndbox>
            <xmin>509</xmin>
            <ymin>770</ymin>
            <xmax>578</xmax>
            <ymax>893</ymax>
        </bndbox>
    </object>    <object>
        <name>wheat</name>
        <pose>Unspecified</pose>
        <truncated>0</truncated>
        <difficult>0</difficult>
        <bndbox>
            <xmin>435</xmin>
            <ymin>844</ymin>
            <xmax>509</xmax>
            <ymax>911</ymax>
        </bndbox>
    </object>    <object>
        <name>wheat</name>
        <pose>Unspecified</pose>
        <truncated>0</truncated>
        <difficult>0</difficult>
        <bndbox>
            <xmin>757</xmin>
            <ymin>89</ymin>
            <xmax>842</xmax>
            <ymax>217</ymax>
        </bndbox>
    </object>    <object>
        <name>wheat</name>
        <pose>Unspecified</pose>
        <truncated>0</truncated>
        <difficult>0</difficult>
        <bndbox>
            <xmin>731</xmin>
            <ymin>444</ymin>
            <xmax>815</xmax>
            <ymax>517</ymax>
        </bndbox>
    </object>    <object>
        <name>wheat</name>
        <pose>Unspecified</pose>
        <truncated>0</truncated>
        <difficult>0</difficult>
        <bndbox>
            <xmin>950</xmin>
            <ymin>301</ymin>
            <xmax>1024</xmax>
            <ymax>411</ymax>
        </bndbox>
    </object>    <object>
        <name>wheat</name>
        <pose>Unspecified</pose>
        <truncated>0</truncated>
        <difficult>0</difficult>
        <bndbox>
            <xmin>540</xmin>
            <ymin>491</ymin>
            <xmax>619</xmax>
            <ymax>563</ymax>
        </bndbox>
    </object>    <object>
        <name>wheat</name>
        <pose>Unspecified</pose>
        <truncated>0</truncated>
        <difficult>0</difficult>
        <bndbox>
            <xmin>458</xmin>
            <ymin>704</ymin>
            <xmax>563</xmax>
            <ymax>798</ymax>
        </bndbox>
    </object>    <object>
        <name>wheat</name>
        <pose>Unspecified</pose>
        <truncated>0</truncated>
        <difficult>0</difficult>
        <bndbox>
            <xmin>422</xmin>
            <ymin>734</ymin>
            <xmax>506</xmax>
            <ymax>847</ymax>
        </bndbox>
    </object>    <object>
        <name>wheat</name>
        <pose>Unspecified</pose>
        <truncated>0</truncated>
        <difficult>0</difficult>
        <bndbox>
            <xmin>869</xmin>
            <ymin>431</ymin>
            <xmax>945</xmax>
            <ymax>492</ymax>
        </bndbox>
    </object>    <object>
        <name>wheat</name>
        <pose>Unspecified</pose>
        <truncated>0</truncated>
        <difficult>0</difficult>
        <bndbox>
            <xmin>730</xmin>
            <ymin>2</ymin>
            <xmax>834</xmax>
            <ymax>70</ymax>
        </bndbox>
    </object>
</annotation>
