<annotation>
    <folder>JPEGImages</folder>
    <filename>a783f9679.jpg</filename>
    <path>/content/data/VOCdevkit/VOC2007/JPEGImages/a783f9679.jpg</path>
    <source>
        <database>Unknown</database>
    </source>
    <size>
        <width>1024</width>
        <height>1024</height>
        <depth>3</depth>
    </size>
    <segmented>0</segmented>
    <object>
        <name>wheat</name>
        <pose>Unspecified</pose>
        <truncated>0</truncated>
        <difficult>0</difficult>
        <bndbox>
            <xmin>593</xmin>
            <ymin>0</ymin>
            <xmax>747</xmax>
            <ymax>97</ymax>
        </bndbox>
    </object>    <object>
        <name>wheat</name>
        <pose>Unspecified</pose>
        <truncated>0</truncated>
        <difficult>0</difficult>
        <bndbox>
            <xmin>885</xmin>
            <ymin>841</ymin>
            <xmax>1023</xmax>
            <ymax>919</ymax>
        </bndbox>
    </object>    <object>
        <name>wheat</name>
        <pose>Unspecified</pose>
        <truncated>0</truncated>
        <difficult>0</difficult>
        <bndbox>
            <xmin>750</xmin>
            <ymin>883</ymin>
            <xmax>901</xmax>
            <ymax>995</ymax>
        </bndbox>
    </object>    <object>
        <name>wheat</name>
        <pose>Unspecified</pose>
        <truncated>0</truncated>
        <difficult>0</difficult>
        <bndbox>
            <xmin>925</xmin>
            <ymin>755</ymin>
            <xmax>1024</xmax>
            <ymax>899</ymax>
        </bndbox>
    </object>    <object>
        <name>wheat</name>
        <pose>Unspecified</pose>
        <truncated>0</truncated>
        <difficult>0</difficult>
        <bndbox>
            <xmin>614</xmin>
            <ymin>711</ymin>
            <xmax>706</xmax>
            <ymax>801</ymax>
        </bndbox>
    </object>    <object>
        <name>wheat</name>
        <pose>Unspecified</pose>
        <truncated>0</truncated>
        <difficult>0</difficult>
        <bndbox>
            <xmin>803</xmin>
            <ymin>138</ymin>
            <xmax>898</xmax>
            <ymax>222</ymax>
        </bndbox>
    </object>    <object>
        <name>wheat</name>
        <pose>Unspecified</pose>
        <truncated>0</truncated>
        <difficult>0</difficult>
        <bndbox>
            <xmin>752</xmin>
            <ymin>611</ymin>
            <xmax>962</xmax>
            <ymax>719</ymax>
        </bndbox>
    </object>    <object>
        <name>wheat</name>
        <pose>Unspecified</pose>
        <truncated>0</truncated>
        <difficult>0</difficult>
        <bndbox>
            <xmin>829</xmin>
            <ymin>409</ymin>
            <xmax>944</xmax>
            <ymax>494</ymax>
        </bndbox>
    </object>    <object>
        <name>wheat</name>
        <pose>Unspecified</pose>
        <truncated>0</truncated>
        <difficult>0</difficult>
        <bndbox>
            <xmin>916</xmin>
            <ymin>906</ymin>
            <xmax>1013</xmax>
            <ymax>988</ymax>
        </bndbox>
    </object>    <object>
        <name>wheat</name>
        <pose>Unspecified</pose>
        <truncated>0</truncated>
        <difficult>0</difficult>
        <bndbox>
            <xmin>824</xmin>
            <ymin>673</ymin>
            <xmax>924</xmax>
            <ymax>778</ymax>
        </bndbox>
    </object>
</annotation>
