<annotation>
    <folder>JPEGImages</folder>
    <filename>e011bf67e.jpg</filename>
    <path>/content/data/VOCdevkit/VOC2007/JPEGImages/e011bf67e.jpg</path>
    <source>
        <database>Unknown</database>
    </source>
    <size>
        <width>1024</width>
        <height>1024</height>
        <depth>3</depth>
    </size>
    <segmented>0</segmented>
    <object>
        <name>wheat</name>
        <pose>Unspecified</pose>
        <truncated>0</truncated>
        <difficult>0</difficult>
        <bndbox>
            <xmin>340</xmin>
            <ymin>770</ymin>
            <xmax>463</xmax>
            <ymax>885</ymax>
        </bndbox>
    </object>    <object>
        <name>wheat</name>
        <pose>Unspecified</pose>
        <truncated>0</truncated>
        <difficult>0</difficult>
        <bndbox>
            <xmin>125</xmin>
            <ymin>403</ymin>
            <xmax>212</xmax>
            <ymax>493</ymax>
        </bndbox>
    </object>    <object>
        <name>wheat</name>
        <pose>Unspecified</pose>
        <truncated>0</truncated>
        <difficult>0</difficult>
        <bndbox>
            <xmin>519</xmin>
            <ymin>791</ymin>
            <xmax>614</xmax>
            <ymax>878</ymax>
        </bndbox>
    </object>    <object>
        <name>wheat</name>
        <pose>Unspecified</pose>
        <truncated>0</truncated>
        <difficult>0</difficult>
        <bndbox>
            <xmin>710</xmin>
            <ymin>142</ymin>
            <xmax>821</xmax>
            <ymax>218</ymax>
        </bndbox>
    </object>    <object>
        <name>wheat</name>
        <pose>Unspecified</pose>
        <truncated>0</truncated>
        <difficult>0</difficult>
        <bndbox>
            <xmin>471</xmin>
            <ymin>284</ymin>
            <xmax>634</xmax>
            <ymax>419</ymax>
        </bndbox>
    </object>    <object>
        <name>wheat</name>
        <pose>Unspecified</pose>
        <truncated>0</truncated>
        <difficult>0</difficult>
        <bndbox>
            <xmin>588</xmin>
            <ymin>130</ymin>
            <xmax>688</xmax>
            <ymax>258</ymax>
        </bndbox>
    </object>    <object>
        <name>wheat</name>
        <pose>Unspecified</pose>
        <truncated>0</truncated>
        <difficult>0</difficult>
        <bndbox>
            <xmin>925</xmin>
            <ymin>112</ymin>
            <xmax>978</xmax>
            <ymax>187</ymax>
        </bndbox>
    </object>    <object>
        <name>wheat</name>
        <pose>Unspecified</pose>
        <truncated>0</truncated>
        <difficult>0</difficult>
        <bndbox>
            <xmin>363</xmin>
            <ymin>519</ymin>
            <xmax>473</xmax>
            <ymax>647</ymax>
        </bndbox>
    </object>    <object>
        <name>wheat</name>
        <pose>Unspecified</pose>
        <truncated>0</truncated>
        <difficult>0</difficult>
        <bndbox>
            <xmin>309</xmin>
            <ymin>2</ymin>
            <xmax>442</xmax>
            <ymax>156</ymax>
        </bndbox>
    </object>    <object>
        <name>wheat</name>
        <pose>Unspecified</pose>
        <truncated>0</truncated>
        <difficult>0</difficult>
        <bndbox>
            <xmin>680</xmin>
            <ymin>453</ymin>
            <xmax>808</xmax>
            <ymax>588</ymax>
        </bndbox>
    </object>    <object>
        <name>wheat</name>
        <pose>Unspecified</pose>
        <truncated>0</truncated>
        <difficult>0</difficult>
        <bndbox>
            <xmin>286</xmin>
            <ymin>934</ymin>
            <xmax>381</xmax>
            <ymax>1016</ymax>
        </bndbox>
    </object>    <object>
        <name>wheat</name>
        <pose>Unspecified</pose>
        <truncated>0</truncated>
        <difficult>0</difficult>
        <bndbox>
            <xmin>442</xmin>
            <ymin>74</ymin>
            <xmax>550</xmax>
            <ymax>225</ymax>
        </bndbox>
    </object>    <object>
        <name>wheat</name>
        <pose>Unspecified</pose>
        <truncated>0</truncated>
        <difficult>0</difficult>
        <bndbox>
            <xmin>334</xmin>
            <ymin>413</ymin>
            <xmax>406</xmax>
            <ymax>505</ymax>
        </bndbox>
    </object>    <object>
        <name>wheat</name>
        <pose>Unspecified</pose>
        <truncated>0</truncated>
        <difficult>0</difficult>
        <bndbox>
            <xmin>965</xmin>
            <ymin>138</ymin>
            <xmax>1024</xmax>
            <ymax>209</ymax>
        </bndbox>
    </object>    <object>
        <name>wheat</name>
        <pose>Unspecified</pose>
        <truncated>0</truncated>
        <difficult>0</difficult>
        <bndbox>
            <xmin>430</xmin>
            <ymin>440</ymin>
            <xmax>496</xmax>
            <ymax>520</ymax>
        </bndbox>
    </object>    <object>
        <name>wheat</name>
        <pose>Unspecified</pose>
        <truncated>0</truncated>
        <difficult>0</difficult>
        <bndbox>
            <xmin>680</xmin>
            <ymin>869</ymin>
            <xmax>724</xmax>
            <ymax>911</ymax>
        </bndbox>
    </object>    <object>
        <name>wheat</name>
        <pose>Unspecified</pose>
        <truncated>0</truncated>
        <difficult>0</difficult>
        <bndbox>
            <xmin>734</xmin>
            <ymin>38</ymin>
            <xmax>785</xmax>
            <ymax>120</ymax>
        </bndbox>
    </object>    <object>
        <name>wheat</name>
        <pose>Unspecified</pose>
        <truncated>0</truncated>
        <difficult>0</difficult>
        <bndbox>
            <xmin>2</xmin>
            <ymin>862</ymin>
            <xmax>66</xmax>
            <ymax>954</ymax>
        </bndbox>
    </object>    <object>
        <name>wheat</name>
        <pose>Unspecified</pose>
        <truncated>0</truncated>
        <difficult>0</difficult>
        <bndbox>
            <xmin>243</xmin>
            <ymin>398</ymin>
            <xmax>312</xmax>
            <ymax>452</ymax>
        </bndbox>
    </object>    <object>
        <name>wheat</name>
        <pose>Unspecified</pose>
        <truncated>0</truncated>
        <difficult>0</difficult>
        <bndbox>
            <xmin>355</xmin>
            <ymin>364</ymin>
            <xmax>428</xmax>
            <ymax>425</ymax>
        </bndbox>
    </object>
</annotation>
